site,year,stratum,lon,lat,depth_m,reef_proximity,n_hauls,sst_anom,upwelling,cpua_kg_km2,catch_t_km2,B_true,effort
S01,1998,artisanal,-76.4,9.8,42,near,14,-0.4554731961170808,0.4978428756031944,20.01,1.06,697,180
S01,1998,semi_industrial,-76.4,9.8,42,near,8,-0.4554731961170808,0.4978428756031944,31.83,1.28,697,180
S01,1998,industrial,-76.4,9.8,42,near,18,-0.4554731961170808,0.4978428756031944,13.79,2.79,697,180
S01,1999,artisanal,-76.4,9.8,42,near,21,0.07269301191945354,0.0690811880107895,17.5,0.22,748.1995522463686,201.8181818181818
S01,1999,semi_industrial,-76.4,9.8,42,near,17,0.07269301191945354,0.0690811880107895,19.73,1.26,748.1995522463686,201.8181818181818
S01,1999,industrial,-76.4,9.8,42,near,16,0.07269301191945354,0.0690811880107895,15.86,1.02,748.1995522463686,201.8181818181818
S01,2000,artisanal,-76.4,9.8,42,near,10,0.15455867310911517,0.5675604579494798,57.76,2.18,731.1100496645154,223.63636363636363
S01,2000,semi_industrial,-76.4,9.8,42,near,12,0.15455867310911517,0.5675604579494798,37.43,2.66,731.1100496645154,223.63636363636363
S01,2000,industrial,-76.4,9.8,42,near,11,0.15455867310911517,0.5675604579494798,18.52,2.25,731.1100496645154,223.63636363636363
S01,2001,artisanal,-76.4,9.8,42,near,9,-0.4794566641136728,1.1029312596875818,23.3,0.9,779.7848072295568,245.45454545454544
S01,2001,semi_industrial,-76.4,9.8,42,near,18,-0.4794566641136728,1.1029312596875818,28.87,1.29,779.7848072295568,245.45454545454544
S01,2001,industrial,-76.4,9.8,42,near,16,-0.4794566641136728,1.1029312596875818,32.52,3.54,779.7848072295568,245.45454545454544
S01,2002,artisanal,-76.4,9.8,42,near,22,-0.004196257140776483,0.8481758489006036,41.73,2.31,862.547248293262,267.27272727272725
S01,2002,semi_industrial,-76.4,9.8,42,near,8,-0.004196257140776483,0.8481758489006036,25.06,1.25,862.547248293262,267.27272727272725
S01,2002,industrial,-76.4,9.8,42,near,15,-0.004196257140776483,0.8481758489006036,44.94,4.44,862.547248293262,267.27272727272725
S01,2003,artisanal,-76.4,9.8,42,near,15,-0.10190011382871367,0.637102655369565,37.73,0.98,825.7764440158012,289.09090909090907
S01,2003,semi_industrial,-76.4,9.8,42,near,9,-0.10190011382871367,0.637102655369565,22.52,1.05,825.7764440158012,289.09090909090907
S01,2003,industrial,-76.4,9.8,42,near,10,-0.10190011382871367,0.637102655369565,68.73,8.52,825.7764440158012,289.09090909090907
S01,2004,artisanal,-76.4,9.8,42,near,17,0.9833648550916021,0.44035879688253965,42.71,2.37,746.0257941023476,310.9090909090909
S01,2004,semi_industrial,-76.4,9.8,42,near,10,0.9833648550916021,0.44035879688253965,32.55,2.58,746.0257941023476,310.9090909090909
S01,2004,industrial,-76.4,9.8,42,near,13,0.9833648550916021,0.44035879688253965,41.25,4.46,746.0257941023476,310.9090909090909
S01,2005,artisanal,-76.4,9.8,42,near,14,-0.5814541875735616,0.4336842226598268,44.07,1.16,736.255833244181,332.72727272727275
S01,2005,semi_industrial,-76.4,9.8,42,near,19,-0.5814541875735616,0.4336842226598268,35.73,2.62,736.255833244181,332.72727272727275
S01,2005,industrial,-76.4,9.8,42,near,19,-0.5814541875735616,0.4336842226598268,27.46,4.06,736.255833244181,332.72727272727275
S01,2006,artisanal,-76.4,9.8,42,near,21,-0.1878375810995503,0.7468398660543258,12.4,0.01,683.7558592210364,354.5454545454545
S01,2006,semi_industrial,-76.4,9.8,42,near,15,-0.1878375810995503,0.7468398660543258,30.81,1.66,683.7558592210364,354.5454545454545
S01,2006,industrial,-76.4,9.8,42,near,13,-0.1878375810995503,0.7468398660543258,26.3,3.58,683.7558592210364,354.5454545454545
S01,2007,artisanal,-76.4,9.8,42,near,8,-0.22198867478062098,0.7673776195743583,40.99,1.75,622.1774047306226,376.3636363636364
S01,2007,semi_industrial,-76.4,9.8,42,near,9,-0.22198867478062098,0.7673776195743583,5.61,0.37,622.1774047306226,376.3636363636364
S01,2007,industrial,-76.4,9.8,42,near,16,-0.22198867478062098,0.7673776195743583,46.46,5.94,622.1774047306226,376.3636363636364
S01,2008,artisanal,-76.4,9.8,42,near,9,-0.049112292503800836,0.54257820017885,14.98,0.68,651.2453226950528,398.18181818181813
S01,2008,semi_industrial,-76.4,9.8,42,near,11,-0.049112292503800836,0.54257820017885,4.67,0.46,651.2453226950528,398.18181818181813
S01,2008,industrial,-76.4,9.8,42,near,17,-0.049112292503800836,0.54257820017885,16.59,1.45,651.2453226950528,398.18181818181813
S01,2009,artisanal,-76.4,9.8,42,near,10,0.23612020829555513,0.44250320556457595,27.44,1.15,587.5190793348667,420
S01,2009,semi_industrial,-76.4,9.8,42,near,19,0.23612020829555513,0.44250320556457595,37.35,1.76,587.5190793348667,420
S01,2009,industrial,-76.4,9.8,42,near,9,0.23612020829555513,0.44250320556457595,5.78,0.41,587.5190793348667,420
S01,2010,artisanal,-76.4,9.8,42,near,20,-0.8650265699710589,0.6958843759586515,32.54,1.6,457.1281525568753,420
S01,2010,semi_industrial,-76.4,9.8,42,near,8,-0.8650265699710589,0.6958843759586515,12.29,1.59,457.1281525568753,420
S01,2010,industrial,-76.4,9.8,42,near,15,-0.8650265699710589,0.6958843759586515,22.97,3.43,457.1281525568753,420
S01,2011,artisanal,-76.4,9.8,42,near,8,0.06204283493059082,1.1599294375177411,22.33,0.89,436.0944753937238,428.57142857142856
S01,2011,semi_industrial,-76.4,9.8,42,near,19,0.06204283493059082,1.1599294375177411,26.54,1.4,436.0944753937238,428.57142857142856
S01,2011,industrial,-76.4,9.8,42,near,20,0.06204283493059082,1.1599294375177411,16.25,1.41,436.0944753937238,428.57142857142856
S01,2012,artisanal,-76.4,9.8,42,near,9,0.5971291132182184,0.5467987503356794,11.31,0.15,481.7339157137302,437.14285714285717
S01,2012,semi_industrial,-76.4,9.8,42,near,17,0.5971291132182184,0.5467987503356794,25.8,2.26,481.7339157137302,437.14285714285717
S01,2012,industrial,-76.4,9.8,42,near,15,0.5971291132182184,0.5467987503356794,20.66,2.5,481.7339157137302,437.14285714285717
S01,2013,artisanal,-76.4,9.8,42,near,11,0.7920046010140629,-0.06647527391174918,26,1.36,542.1003037462958,445.7142857142857
S01,2013,semi_industrial,-76.4,9.8,42,near,14,0.7920046010140629,-0.06647527391174918,13.21,1.49,542.1003037462958,445.7142857142857
S01,2013,industrial,-76.4,9.8,42,near,8,0.7920046010140629,-0.06647527391174918,14.62,2.7,542.1003037462958,445.7142857142857
S01,2014,artisanal,-76.4,9.8,42,near,15,0.3749859112967071,0.13417041335878577,29.28,0.81,512.5438184937232,454.2857142857143
S01,2014,semi_industrial,-76.4,9.8,42,near,18,0.3749859112967071,0.13417041335878577,32.59,2.49,512.5438184937232,454.2857142857143
S01,2014,industrial,-76.4,9.8,42,near,14,0.3749859112967071,0.13417041335878577,27.89,3.32,512.5438184937232,454.2857142857143
S01,2015,artisanal,-76.4,9.8,42,near,20,-0.6078020903337243,0.5205136666545624,38.92,2.41,496.54985928961304,462.85714285714283
S01,2015,semi_industrial,-76.4,9.8,42,near,21,-0.6078020903337243,0.5205136666545624,26,0.84,496.54985928961304,462.85714285714283
S01,2015,industrial,-76.4,9.8,42,near,12,-0.6078020903337243,0.5205136666545624,41.56,4.58,496.54985928961304,462.85714285714283
S01,2016,artisanal,-76.4,9.8,42,near,15,-0.1261936305671534,1.2286898116274798,10.62,1.3,510.36318078768613,471.42857142857144
S01,2016,semi_industrial,-76.4,9.8,42,near,12,-0.1261936305671534,1.2286898116274798,23.17,1.88,510.36318078768613,471.42857142857144
S01,2016,industrial,-76.4,9.8,42,near,14,-0.1261936305671534,1.2286898116274798,21.71,3.16,510.36318078768613,471.42857142857144
S01,2017,artisanal,-76.4,9.8,42,near,21,-0.14128002323657674,0.6941849168587222,7.91,0.1,423.09881530397087,480
S01,2017,semi_industrial,-76.4,9.8,42,near,9,-0.14128002323657674,0.6941849168587222,7.28,0.57,423.09881530397087,480
S01,2017,industrial,-76.4,9.8,42,near,11,-0.14128002323657674,0.6941849168587222,15.36,1.75,423.09881530397087,480
S01,2018,artisanal,-76.4,9.8,42,near,14,0.5334503750842985,0.4053077188014677,2.11,0.2,564.3691910948498,480
S01,2018,semi_industrial,-76.4,9.8,42,near,16,0.5334503750842985,0.4053077188014677,7.49,0.27,564.3691910948498,480
S01,2018,industrial,-76.4,9.8,42,near,10,0.5334503750842985,0.4053077188014677,16.13,1.9,564.3691910948498,480
S01,2019,artisanal,-76.4,9.8,42,near,8,-0.5006688582120112,0.16538247330824762,22.89,1.22,520.6935890268034,470
S01,2019,semi_industrial,-76.4,9.8,42,near,19,-0.5006688582120112,0.16538247330824762,30.06,1.88,520.6935890268034,470
S01,2019,industrial,-76.4,9.8,42,near,21,-0.5006688582120112,0.16538247330824762,0.8,0.34,520.6935890268034,470
S01,2020,artisanal,-76.4,9.8,42,near,9,-0.21175336667561284,0.43566094466936156,8.33,-0.01,550.1289969071578,460
S01,2020,semi_industrial,-76.4,9.8,42,near,14,-0.21175336667561284,0.43566094466936156,77.39,4.58,550.1289969071578,460
S01,2020,industrial,-76.4,9.8,42,near,14,-0.21175336667561284,0.43566094466936156,49.34,5.31,550.1289969071578,460
S01,2021,artisanal,-76.4,9.8,42,near,14,0.562046453087282,0.42191302608849424,44.5,1.85,744.3250380809466,450
S01,2021,semi_industrial,-76.4,9.8,42,near,20,0.562046453087282,0.42191302608849424,35.71,2.79,744.3250380809466,450
S01,2021,industrial,-76.4,9.8,42,near,10,0.562046453087282,0.42191302608849424,16.73,1.74,744.3250380809466,450
S01,2022,artisanal,-76.4,9.8,42,near,12,0.523340311006919,0.6692686594233627,11.7,0.13,725.9563181219901,440
S01,2022,semi_industrial,-76.4,9.8,42,near,8,0.523340311006919,0.6692686594233627,25.53,0.88,725.9563181219901,440
S01,2022,industrial,-76.4,9.8,42,near,12,0.523340311006919,0.6692686594233627,14.08,0.95,725.9563181219901,440
S02,1998,artisanal,-76.1,10.1,58,mid,21,-0.4554731961170808,0.4978428756031944,24.44,1.28,697,180
S02,1998,semi_industrial,-76.1,10.1,58,mid,12,-0.4554731961170808,0.4978428756031944,5.69,0.16,697,180
S02,1998,industrial,-76.1,10.1,58,mid,16,-0.4554731961170808,0.4978428756031944,8.02,1.21,697,180
S02,1999,artisanal,-76.1,10.1,58,mid,16,0.07269301191945354,0.0690811880107895,2.17,0.1,748.1995522463686,201.8181818181818
S02,1999,semi_industrial,-76.1,10.1,58,mid,15,0.07269301191945354,0.0690811880107895,15.17,1.03,748.1995522463686,201.8181818181818
S02,1999,industrial,-76.1,10.1,58,mid,10,0.07269301191945354,0.0690811880107895,2.86,0.56,748.1995522463686,201.8181818181818
S02,2000,artisanal,-76.1,10.1,58,mid,21,0.15455867310911517,0.5675604579494798,0.9,0.03,731.1100496645154,223.63636363636363
S02,2000,semi_industrial,-76.1,10.1,58,mid,15,0.15455867310911517,0.5675604579494798,7.55,-0.82,731.1100496645154,223.63636363636363
S02,2000,industrial,-76.1,10.1,58,mid,18,0.15455867310911517,0.5675604579494798,10.33,1.05,731.1100496645154,223.63636363636363
S02,2001,artisanal,-76.1,10.1,58,mid,17,-0.4794566641136728,1.1029312596875818,16.58,0.31,779.7848072295568,245.45454545454544
S02,2001,semi_industrial,-76.1,10.1,58,mid,20,-0.4794566641136728,1.1029312596875818,31.17,1.18,779.7848072295568,245.45454545454544
S02,2001,industrial,-76.1,10.1,58,mid,10,-0.4794566641136728,1.1029312596875818,16.67,2.38,779.7848072295568,245.45454545454544
S02,2002,artisanal,-76.1,10.1,58,mid,13,-0.004196257140776483,0.8481758489006036,18.95,0.77,862.547248293262,267.27272727272725
S02,2002,semi_industrial,-76.1,10.1,58,mid,22,-0.004196257140776483,0.8481758489006036,41.16,3.02,862.547248293262,267.27272727272725
S02,2002,industrial,-76.1,10.1,58,mid,14,-0.004196257140776483,0.8481758489006036,39.32,5.22,862.547248293262,267.27272727272725
S02,2003,artisanal,-76.1,10.1,58,mid,22,-0.10190011382871367,0.637102655369565,16.8,0.5,825.7764440158012,289.09090909090907
S02,2003,semi_industrial,-76.1,10.1,58,mid,14,-0.10190011382871367,0.637102655369565,3.77,-0.06,825.7764440158012,289.09090909090907
S02,2003,industrial,-76.1,10.1,58,mid,14,-0.10190011382871367,0.637102655369565,10.73,1.21,825.7764440158012,289.09090909090907
S02,2004,artisanal,-76.1,10.1,58,mid,16,0.9833648550916021,0.44035879688253965,6.83,1.67,746.0257941023476,310.9090909090909
S02,2004,semi_industrial,-76.1,10.1,58,mid,21,0.9833648550916021,0.44035879688253965,5.6,-0.13,746.0257941023476,310.9090909090909
S02,2004,industrial,-76.1,10.1,58,mid,20,0.9833648550916021,0.44035879688253965,10.94,2.21,746.0257941023476,310.9090909090909
S02,2005,artisanal,-76.1,10.1,58,mid,18,-0.5814541875735616,0.4336842226598268,17.25,1.07,736.255833244181,332.72727272727275
S02,2005,semi_industrial,-76.1,10.1,58,mid,15,-0.5814541875735616,0.4336842226598268,13.76,0.64,736.255833244181,332.72727272727275
S02,2005,industrial,-76.1,10.1,58,mid,8,-0.5814541875735616,0.4336842226598268,22.79,2.66,736.255833244181,332.72727272727275
S02,2006,artisanal,-76.1,10.1,58,mid,8,-0.1878375810995503,0.7468398660543258,6.85,-0.01,683.7558592210364,354.5454545454545
S02,2006,semi_industrial,-76.1,10.1,58,mid,20,-0.1878375810995503,0.7468398660543258,6.52,1.24,683.7558592210364,354.5454545454545
S02,2006,industrial,-76.1,10.1,58,mid,9,-0.1878375810995503,0.7468398660543258,26.72,2.12,683.7558592210364,354.5454545454545
S02,2007,artisanal,-76.1,10.1,58,mid,17,-0.22198867478062098,0.7673776195743583,4.77,-0.51,622.1774047306226,376.3636363636364
S02,2007,semi_industrial,-76.1,10.1,58,mid,12,-0.22198867478062098,0.7673776195743583,25.86,2.11,622.1774047306226,376.3636363636364
S02,2007,industrial,-76.1,10.1,58,mid,21,-0.22198867478062098,0.7673776195743583,31.35,2.85,622.1774047306226,376.3636363636364
S02,2008,artisanal,-76.1,10.1,58,mid,15,-0.049112292503800836,0.54257820017885,27.78,0.56,651.2453226950528,398.18181818181813
S02,2008,semi_industrial,-76.1,10.1,58,mid,22,-0.049112292503800836,0.54257820017885,7.63,-0.47,651.2453226950528,398.18181818181813
S02,2008,industrial,-76.1,10.1,58,mid,18,-0.049112292503800836,0.54257820017885,7.95,0.66,651.2453226950528,398.18181818181813
S02,2009,artisanal,-76.1,10.1,58,mid,21,0.23612020829555513,0.44250320556457595,8.9,0.5,587.5190793348667,420
S02,2009,semi_industrial,-76.1,10.1,58,mid,11,0.23612020829555513,0.44250320556457595,24.96,0.78,587.5190793348667,420
S02,2009,industrial,-76.1,10.1,58,mid,14,0.23612020829555513,0.44250320556457595,0.15,0.29,587.5190793348667,420
S02,2010,artisanal,-76.1,10.1,58,mid,13,-0.8650265699710589,0.6958843759586515,13.56,0.39,457.1281525568753,420
S02,2010,semi_industrial,-76.1,10.1,58,mid,21,-0.8650265699710589,0.6958843759586515,16.87,0.93,457.1281525568753,420
S02,2010,industrial,-76.1,10.1,58,mid,18,-0.8650265699710589,0.6958843759586515,4.88,0.95,457.1281525568753,420
S02,2011,artisanal,-76.1,10.1,58,mid,10,0.06204283493059082,1.1599294375177411,5.46,0.46,436.0944753937238,428.57142857142856
S02,2011,semi_industrial,-76.1,10.1,58,mid,9,0.06204283493059082,1.1599294375177411,11.07,0.59,436.0944753937238,428.57142857142856
S02,2011,industrial,-76.1,10.1,58,mid,19,0.06204283493059082,1.1599294375177411,3.31,0.97,436.0944753937238,428.57142857142856
S02,2012,artisanal,-76.1,10.1,58,mid,13,0.5971291132182184,0.5467987503356794,17.13,0.75,481.7339157137302,437.14285714285717
S02,2012,semi_industrial,-76.1,10.1,58,mid,11,0.5971291132182184,0.5467987503356794,12.68,0.64,481.7339157137302,437.14285714285717
S02,2012,industrial,-76.1,10.1,58,mid,18,0.5971291132182184,0.5467987503356794,13.88,1.31,481.7339157137302,437.14285714285717
S02,2013,artisanal,-76.1,10.1,58,mid,14,0.7920046010140629,-0.06647527391174918,24.91,0.88,542.1003037462958,445.7142857142857
S02,2013,semi_industrial,-76.1,10.1,58,mid,17,0.7920046010140629,-0.06647527391174918,6.78,0.47,542.1003037462958,445.7142857142857
S02,2013,industrial,-76.1,10.1,58,mid,20,0.7920046010140629,-0.06647527391174918,2.9,0.83,542.1003037462958,445.7142857142857
S02,2014,artisanal,-76.1,10.1,58,mid,22,0.3749859112967071,0.13417041335878577,0.46,-0.16,512.5438184937232,454.2857142857143
S02,2014,semi_industrial,-76.1,10.1,58,mid,21,0.3749859112967071,0.13417041335878577,0.83,0.43,512.5438184937232,454.2857142857143
S02,2014,industrial,-76.1,10.1,58,mid,8,0.3749859112967071,0.13417041335878577,10.37,1.15,512.5438184937232,454.2857142857143
S02,2015,artisanal,-76.1,10.1,58,mid,19,-0.6078020903337243,0.5205136666545624,4.98,-0.63,496.54985928961304,462.85714285714283
S02,2015,semi_industrial,-76.1,10.1,58,mid,12,-0.6078020903337243,0.5205136666545624,13.26,0.04,496.54985928961304,462.85714285714283
S02,2015,industrial,-76.1,10.1,58,mid,14,-0.6078020903337243,0.5205136666545624,18.08,1.84,496.54985928961304,462.85714285714283
S02,2016,artisanal,-76.1,10.1,58,mid,22,-0.1261936305671534,1.2286898116274798,18.16,1.26,510.36318078768613,471.42857142857144
S02,2016,semi_industrial,-76.1,10.1,58,mid,13,-0.1261936305671534,1.2286898116274798,6.53,0.62,510.36318078768613,471.42857142857144
S02,2016,industrial,-76.1,10.1,58,mid,18,-0.1261936305671534,1.2286898116274798,8.44,0.63,510.36318078768613,471.42857142857144
S02,2017,artisanal,-76.1,10.1,58,mid,13,-0.14128002323657674,0.6941849168587222,1.53,0.12,423.09881530397087,480
S02,2017,semi_industrial,-76.1,10.1,58,mid,18,-0.14128002323657674,0.6941849168587222,21.46,1.87,423.09881530397087,480
S02,2017,industrial,-76.1,10.1,58,mid,17,-0.14128002323657674,0.6941849168587222,14.38,1.87,423.09881530397087,480
S02,2018,artisanal,-76.1,10.1,58,mid,10,0.5334503750842985,0.4053077188014677,1.34,0.29,564.3691910948498,480
S02,2018,semi_industrial,-76.1,10.1,58,mid,18,0.5334503750842985,0.4053077188014677,2.97,0.33,564.3691910948498,480
S02,2018,industrial,-76.1,10.1,58,mid,9,0.5334503750842985,0.4053077188014677,2.6,0.82,564.3691910948498,480
S02,2019,artisanal,-76.1,10.1,58,mid,9,-0.5006688582120112,0.16538247330824762,2.32,0.61,520.6935890268034,470
S02,2019,semi_industrial,-76.1,10.1,58,mid,10,-0.5006688582120112,0.16538247330824762,9.44,0.84,520.6935890268034,470
S02,2019,industrial,-76.1,10.1,58,mid,10,-0.5006688582120112,0.16538247330824762,4.42,0.51,520.6935890268034,470
S02,2020,artisanal,-76.1,10.1,58,mid,17,-0.21175336667561284,0.43566094466936156,3.15,0.01,550.1289969071578,460
S02,2020,semi_industrial,-76.1,10.1,58,mid,8,-0.21175336667561284,0.43566094466936156,1.57,0.13,550.1289969071578,460
S02,2020,industrial,-76.1,10.1,58,mid,15,-0.21175336667561284,0.43566094466936156,1.68,-0.15,550.1289969071578,460
S02,2021,artisanal,-76.1,10.1,58,mid,22,0.562046453087282,0.42191302608849424,10.87,1.26,744.3250380809466,450
S02,2021,semi_industrial,-76.1,10.1,58,mid,11,0.562046453087282,0.42191302608849424,8.89,0.38,744.3250380809466,450
S02,2021,industrial,-76.1,10.1,58,mid,11,0.562046453087282,0.42191302608849424,14.3,1.16,744.3250380809466,450
S02,2022,artisanal,-76.1,10.1,58,mid,12,0.523340311006919,0.6692686594233627,1.59,0.28,725.9563181219901,440
S02,2022,semi_industrial,-76.1,10.1,58,mid,8,0.523340311006919,0.6692686594233627,34.98,1.93,725.9563181219901,440
S02,2022,industrial,-76.1,10.1,58,mid,10,0.523340311006919,0.6692686594233627,5.27,1.29,725.9563181219901,440
S03,1998,artisanal,-75.8,10.5,35,near,17,-0.4554731961170808,0.4978428756031944,50.03,1.97,697,180
S03,1998,semi_industrial,-75.8,10.5,35,near,12,-0.4554731961170808,0.4978428756031944,24.52,1.28,697,180
S03,1998,industrial,-75.8,10.5,35,near,20,-0.4554731961170808,0.4978428756031944,110.34,12.95,697,180
S03,1999,artisanal,-75.8,10.5,35,near,22,0.07269301191945354,0.0690811880107895,45.22,1.24,748.1995522463686,201.8181818181818
S03,1999,semi_industrial,-75.8,10.5,35,near,8,0.07269301191945354,0.0690811880107895,26.3,1.17,748.1995522463686,201.8181818181818
S03,1999,industrial,-75.8,10.5,35,near,20,0.07269301191945354,0.0690811880107895,33.65,3.82,748.1995522463686,201.8181818181818
S03,2000,artisanal,-75.8,10.5,35,near,11,0.15455867310911517,0.5675604579494798,76.11,2.29,731.1100496645154,223.63636363636363
S03,2000,semi_industrial,-75.8,10.5,35,near,17,0.15455867310911517,0.5675604579494798,61.68,4.23,731.1100496645154,223.63636363636363
S03,2000,industrial,-75.8,10.5,35,near,13,0.15455867310911517,0.5675604579494798,62.05,7.93,731.1100496645154,223.63636363636363
S03,2001,artisanal,-75.8,10.5,35,near,19,-0.4794566641136728,1.1029312596875818,92.45,3.22,779.7848072295568,245.45454545454544
S03,2001,semi_industrial,-75.8,10.5,35,near,20,-0.4794566641136728,1.1029312596875818,92.81,6.37,779.7848072295568,245.45454545454544
S03,2001,industrial,-75.8,10.5,35,near,11,-0.4794566641136728,1.1029312596875818,74.36,8.73,779.7848072295568,245.45454545454544
S03,2002,artisanal,-75.8,10.5,35,near,15,-0.004196257140776483,0.8481758489006036,40.69,1.28,862.547248293262,267.27272727272725
S03,2002,semi_industrial,-75.8,10.5,35,near,19,-0.004196257140776483,0.8481758489006036,40.45,4.33,862.547248293262,267.27272727272725
S03,2002,industrial,-75.8,10.5,35,near,19,-0.004196257140776483,0.8481758489006036,19.2,2.87,862.547248293262,267.27272727272725
S03,2003,artisanal,-75.8,10.5,35,near,16,-0.10190011382871367,0.637102655369565,43.48,1.64,825.7764440158012,289.09090909090907
S03,2003,semi_industrial,-75.8,10.5,35,near,15,-0.10190011382871367,0.637102655369565,65.57,4.2,825.7764440158012,289.09090909090907
S03,2003,industrial,-75.8,10.5,35,near,16,-0.10190011382871367,0.637102655369565,36.86,4.32,825.7764440158012,289.09090909090907
S03,2004,artisanal,-75.8,10.5,35,near,8,0.9833648550916021,0.44035879688253965,68.83,2.92,746.0257941023476,310.9090909090909
S03,2004,semi_industrial,-75.8,10.5,35,near,9,0.9833648550916021,0.44035879688253965,4.49,-0.17,746.0257941023476,310.9090909090909
S03,2004,industrial,-75.8,10.5,35,near,8,0.9833648550916021,0.44035879688253965,4.83,0.08,746.0257941023476,310.9090909090909
S03,2005,artisanal,-75.8,10.5,35,near,13,-0.5814541875735616,0.4336842226598268,60.86,2.74,736.255833244181,332.72727272727275
S03,2005,semi_industrial,-75.8,10.5,35,near,13,-0.5814541875735616,0.4336842226598268,132.1,9.17,736.255833244181,332.72727272727275
S03,2005,industrial,-75.8,10.5,35,near,11,-0.5814541875735616,0.4336842226598268,76.94,9.25,736.255833244181,332.72727272727275
S03,2006,artisanal,-75.8,10.5,35,near,8,-0.1878375810995503,0.7468398660543258,64.48,2.79,683.7558592210364,354.5454545454545
S03,2006,semi_industrial,-75.8,10.5,35,near,10,-0.1878375810995503,0.7468398660543258,40.93,2.21,683.7558592210364,354.5454545454545
S03,2006,industrial,-75.8,10.5,35,near,11,-0.1878375810995503,0.7468398660543258,44.31,4.94,683.7558592210364,354.5454545454545
S03,2007,artisanal,-75.8,10.5,35,near,22,-0.22198867478062098,0.7673776195743583,28.89,1.38,622.1774047306226,376.3636363636364
S03,2007,semi_industrial,-75.8,10.5,35,near,11,-0.22198867478062098,0.7673776195743583,38.78,2.28,622.1774047306226,376.3636363636364
S03,2007,industrial,-75.8,10.5,35,near,13,-0.22198867478062098,0.7673776195743583,12.25,1.68,622.1774047306226,376.3636363636364
S03,2008,artisanal,-75.8,10.5,35,near,14,-0.049112292503800836,0.54257820017885,40.2,1.22,651.2453226950528,398.18181818181813
S03,2008,semi_industrial,-75.8,10.5,35,near,15,-0.049112292503800836,0.54257820017885,30.35,1.13,651.2453226950528,398.18181818181813
S03,2008,industrial,-75.8,10.5,35,near,19,-0.049112292503800836,0.54257820017885,72.22,9.23,651.2453226950528,398.18181818181813
S03,2009,artisanal,-75.8,10.5,35,near,17,0.23612020829555513,0.44250320556457595,41.96,2.37,587.5190793348667,420
S03,2009,semi_industrial,-75.8,10.5,35,near,21,0.23612020829555513,0.44250320556457595,50.69,3.04,587.5190793348667,420
S03,2009,industrial,-75.8,10.5,35,near,19,0.23612020829555513,0.44250320556457595,39.1,4.61,587.5190793348667,420
S03,2010,artisanal,-75.8,10.5,35,near,17,-0.8650265699710589,0.6958843759586515,31.65,2.51,457.1281525568753,420
S03,2010,semi_industrial,-75.8,10.5,35,near,22,-0.8650265699710589,0.6958843759586515,24.19,1.76,457.1281525568753,420
S03,2010,industrial,-75.8,10.5,35,near,19,-0.8650265699710589,0.6958843759586515,32.14,3.19,457.1281525568753,420
S03,2011,artisanal,-75.8,10.5,35,near,13,0.06204283493059082,1.1599294375177411,34.73,1.85,436.0944753937238,428.57142857142856
S03,2011,semi_industrial,-75.8,10.5,35,near,11,0.06204283493059082,1.1599294375177411,3.13,0.15,436.0944753937238,428.57142857142856
S03,2011,industrial,-75.8,10.5,35,near,17,0.06204283493059082,1.1599294375177411,25.31,2.58,436.0944753937238,428.57142857142856
S03,2012,artisanal,-75.8,10.5,35,near,20,0.5971291132182184,0.5467987503356794,10.06,0.7,481.7339157137302,437.14285714285717
S03,2012,semi_industrial,-75.8,10.5,35,near,14,0.5971291132182184,0.5467987503356794,5.27,0.74,481.7339157137302,437.14285714285717
S03,2012,industrial,-75.8,10.5,35,near,17,0.5971291132182184,0.5467987503356794,28.01,3.33,481.7339157137302,437.14285714285717
S03,2013,artisanal,-75.8,10.5,35,near,17,0.7920046010140629,-0.06647527391174918,1.6,-0.15,542.1003037462958,445.7142857142857
S03,2013,semi_industrial,-75.8,10.5,35,near,15,0.7920046010140629,-0.06647527391174918,23.27,1.41,542.1003037462958,445.7142857142857
S03,2013,industrial,-75.8,10.5,35,near,22,0.7920046010140629,-0.06647527391174918,30.16,3.59,542.1003037462958,445.7142857142857
S03,2014,artisanal,-75.8,10.5,35,near,17,0.3749859112967071,0.13417041335878577,31.49,1.11,512.5438184937232,454.2857142857143
S03,2014,semi_industrial,-75.8,10.5,35,near,12,0.3749859112967071,0.13417041335878577,4.28,0.33,512.5438184937232,454.2857142857143
S03,2014,industrial,-75.8,10.5,35,near,13,0.3749859112967071,0.13417041335878577,33.6,3.82,512.5438184937232,454.2857142857143
S03,2015,artisanal,-75.8,10.5,35,near,10,-0.6078020903337243,0.5205136666545624,23.28,0.8,496.54985928961304,462.85714285714283
S03,2015,semi_industrial,-75.8,10.5,35,near,11,-0.6078020903337243,0.5205136666545624,14.31,0.38,496.54985928961304,462.85714285714283
S03,2015,industrial,-75.8,10.5,35,near,19,-0.6078020903337243,0.5205136666545624,34.46,3.65,496.54985928961304,462.85714285714283
S03,2016,artisanal,-75.8,10.5,35,near,9,-0.1261936305671534,1.2286898116274798,1.79,-0.51,510.36318078768613,471.42857142857144
S03,2016,semi_industrial,-75.8,10.5,35,near,13,-0.1261936305671534,1.2286898116274798,13.54,1.13,510.36318078768613,471.42857142857144
S03,2016,industrial,-75.8,10.5,35,near,20,-0.1261936305671534,1.2286898116274798,36.44,3.72,510.36318078768613,471.42857142857144
S03,2017,artisanal,-75.8,10.5,35,near,9,-0.14128002323657674,0.6941849168587222,66.82,3.82,423.09881530397087,480
S03,2017,semi_industrial,-75.8,10.5,35,near,16,-0.14128002323657674,0.6941849168587222,18.41,2.26,423.09881530397087,480
S03,2017,industrial,-75.8,10.5,35,near,21,-0.14128002323657674,0.6941849168587222,44.23,5.31,423.09881530397087,480
S03,2018,artisanal,-75.8,10.5,35,near,16,0.5334503750842985,0.4053077188014677,14.88,0.3,564.3691910948498,480
S03,2018,semi_industrial,-75.8,10.5,35,near,20,0.5334503750842985,0.4053077188014677,48.82,3.43,564.3691910948498,480
S03,2018,industrial,-75.8,10.5,35,near,15,0.5334503750842985,0.4053077188014677,29.94,3.66,564.3691910948498,480
S03,2019,artisanal,-75.8,10.5,35,near,12,-0.5006688582120112,0.16538247330824762,69.1,3.76,520.6935890268034,470
S03,2019,semi_industrial,-75.8,10.5,35,near,12,-0.5006688582120112,0.16538247330824762,22.66,1.26,520.6935890268034,470
S03,2019,industrial,-75.8,10.5,35,near,10,-0.5006688582120112,0.16538247330824762,27.49,2.9,520.6935890268034,470
S03,2020,artisanal,-75.8,10.5,35,near,11,-0.21175336667561284,0.43566094466936156,34.41,1.59,550.1289969071578,460
S03,2020,semi_industrial,-75.8,10.5,35,near,14,-0.21175336667561284,0.43566094466936156,8.76,0.78,550.1289969071578,460
S03,2020,industrial,-75.8,10.5,35,near,11,-0.21175336667561284,0.43566094466936156,81.06,9.54,550.1289969071578,460
S03,2021,artisanal,-75.8,10.5,35,near,15,0.562046453087282,0.42191302608849424,57.58,1.14,744.3250380809466,450
S03,2021,semi_industrial,-75.8,10.5,35,near,14,0.562046453087282,0.42191302608849424,37.18,2.51,744.3250380809466,450
S03,2021,industrial,-75.8,10.5,35,near,10,0.562046453087282,0.42191302608849424,22.76,3.38,744.3250380809466,450
S03,2022,artisanal,-75.8,10.5,35,near,21,0.523340311006919,0.6692686594233627,62.71,2.55,725.9563181219901,440
S03,2022,semi_industrial,-75.8,10.5,35,near,8,0.523340311006919,0.6692686594233627,53.12,3.52,725.9563181219901,440
S03,2022,industrial,-75.8,10.5,35,near,14,0.523340311006919,0.6692686594233627,71.27,8.7,725.9563181219901,440
S04,1998,artisanal,-75.5,10.9,71,far,10,-0.4554731961170808,0.4978428756031944,13.71,0.59,697,180
S04,1998,semi_industrial,-75.5,10.9,71,far,8,-0.4554731961170808,0.4978428756031944,23.69,2.55,697,180
S04,1998,industrial,-75.5,10.9,71,far,17,-0.4554731961170808,0.4978428756031944,14.24,1.65,697,180
S04,1999,artisanal,-75.5,10.9,71,far,21,0.07269301191945354,0.0690811880107895,13.6,0.66,748.1995522463686,201.8181818181818
S04,1999,semi_industrial,-75.5,10.9,71,far,13,0.07269301191945354,0.0690811880107895,6.11,0.19,748.1995522463686,201.8181818181818
S04,1999,industrial,-75.5,10.9,71,far,15,0.07269301191945354,0.0690811880107895,5.91,1.12,748.1995522463686,201.8181818181818
S04,2000,artisanal,-75.5,10.9,71,far,19,0.15455867310911517,0.5675604579494798,7.95,1.31,731.1100496645154,223.63636363636363
S04,2000,semi_industrial,-75.5,10.9,71,far,21,0.15455867310911517,0.5675604579494798,7.78,0.92,731.1100496645154,223.63636363636363
S04,2000,industrial,-75.5,10.9,71,far,17,0.15455867310911517,0.5675604579494798,5.85,1.01,731.1100496645154,223.63636363636363
S04,2001,artisanal,-75.5,10.9,71,far,14,-0.4794566641136728,1.1029312596875818,8.97,0.3,779.7848072295568,245.45454545454544
S04,2001,semi_industrial,-75.5,10.9,71,far,22,-0.4794566641136728,1.1029312596875818,18.29,1.79,779.7848072295568,245.45454545454544
S04,2001,industrial,-75.5,10.9,71,far,16,-0.4794566641136728,1.1029312596875818,0,-0.32,779.7848072295568,245.45454545454544
S04,2002,artisanal,-75.5,10.9,71,far,13,-0.004196257140776483,0.8481758489006036,28.63,0.87,862.547248293262,267.27272727272725
S04,2002,semi_industrial,-75.5,10.9,71,far,22,-0.004196257140776483,0.8481758489006036,5.52,0.75,862.547248293262,267.27272727272725
S04,2002,industrial,-75.5,10.9,71,far,8,-0.004196257140776483,0.8481758489006036,21.65,2.91,862.547248293262,267.27272727272725
S04,2003,artisanal,-75.5,10.9,71,far,11,-0.10190011382871367,0.637102655369565,27.64,0.5,825.7764440158012,289.09090909090907
S04,2003,semi_industrial,-75.5,10.9,71,far,8,-0.10190011382871367,0.637102655369565,7.26,0.2,825.7764440158012,289.09090909090907
S04,2003,industrial,-75.5,10.9,71,far,19,-0.10190011382871367,0.637102655369565,9.29,1.33,825.7764440158012,289.09090909090907
S04,2004,artisanal,-75.5,10.9,71,far,12,0.9833648550916021,0.44035879688253965,1.13,0.04,746.0257941023476,310.9090909090909
S04,2004,semi_industrial,-75.5,10.9,71,far,16,0.9833648550916021,0.44035879688253965,4.96,0.65,746.0257941023476,310.9090909090909
S04,2004,industrial,-75.5,10.9,71,far,22,0.9833648550916021,0.44035879688253965,6.38,0.72,746.0257941023476,310.9090909090909
S04,2005,artisanal,-75.5,10.9,71,far,9,-0.5814541875735616,0.4336842226598268,1.57,0.36,736.255833244181,332.72727272727275
S04,2005,semi_industrial,-75.5,10.9,71,far,19,-0.5814541875735616,0.4336842226598268,4.97,0.76,736.255833244181,332.72727272727275
S04,2005,industrial,-75.5,10.9,71,far,9,-0.5814541875735616,0.4336842226598268,26.27,2.75,736.255833244181,332.72727272727275
S04,2006,artisanal,-75.5,10.9,71,far,18,-0.1878375810995503,0.7468398660543258,8.01,0.37,683.7558592210364,354.5454545454545
S04,2006,semi_industrial,-75.5,10.9,71,far,9,-0.1878375810995503,0.7468398660543258,0.59,-0.26,683.7558592210364,354.5454545454545
S04,2006,industrial,-75.5,10.9,71,far,15,-0.1878375810995503,0.7468398660543258,20.44,2.78,683.7558592210364,354.5454545454545
S04,2007,artisanal,-75.5,10.9,71,far,14,-0.22198867478062098,0.7673776195743583,8.95,0.28,622.1774047306226,376.3636363636364
S04,2007,semi_industrial,-75.5,10.9,71,far,18,-0.22198867478062098,0.7673776195743583,28.33,2.18,622.1774047306226,376.3636363636364
S04,2007,industrial,-75.5,10.9,71,far,17,-0.22198867478062098,0.7673776195743583,24.21,2.14,622.1774047306226,376.3636363636364
S04,2008,artisanal,-75.5,10.9,71,far,17,-0.049112292503800836,0.54257820017885,5.41,1.02,651.2453226950528,398.18181818181813
S04,2008,semi_industrial,-75.5,10.9,71,far,10,-0.049112292503800836,0.54257820017885,4.43,-0.41,651.2453226950528,398.18181818181813
S04,2008,industrial,-75.5,10.9,71,far,20,-0.049112292503800836,0.54257820017885,12.67,1.17,651.2453226950528,398.18181818181813
S04,2009,artisanal,-75.5,10.9,71,far,19,0.23612020829555513,0.44250320556457595,22.43,1.14,587.5190793348667,420
S04,2009,semi_industrial,-75.5,10.9,71,far,15,0.23612020829555513,0.44250320556457595,1.53,-0.16,587.5190793348667,420
S04,2009,industrial,-75.5,10.9,71,far,8,0.23612020829555513,0.44250320556457595,3.61,0.58,587.5190793348667,420
S04,2010,artisanal,-75.5,10.9,71,far,15,-0.8650265699710589,0.6958843759586515,17.63,0.05,457.1281525568753,420
S04,2010,semi_industrial,-75.5,10.9,71,far,16,-0.8650265699710589,0.6958843759586515,6.76,0.08,457.1281525568753,420
S04,2010,industrial,-75.5,10.9,71,far,19,-0.8650265699710589,0.6958843759586515,10.02,0.03,457.1281525568753,420
S04,2011,artisanal,-75.5,10.9,71,far,15,0.06204283493059082,1.1599294375177411,18.68,0.84,436.0944753937238,428.57142857142856
S04,2011,semi_industrial,-75.5,10.9,71,far,18,0.06204283493059082,1.1599294375177411,11.97,0.15,436.0944753937238,428.57142857142856
S04,2011,industrial,-75.5,10.9,71,far,16,0.06204283493059082,1.1599294375177411,8.72,1.13,436.0944753937238,428.57142857142856
S04,2012,artisanal,-75.5,10.9,71,far,21,0.5971291132182184,0.5467987503356794,0,-0.18,481.7339157137302,437.14285714285717
S04,2012,semi_industrial,-75.5,10.9,71,far,14,0.5971291132182184,0.5467987503356794,9.36,1.08,481.7339157137302,437.14285714285717
S04,2012,industrial,-75.5,10.9,71,far,15,0.5971291132182184,0.5467987503356794,4.8,0.23,481.7339157137302,437.14285714285717
S04,2013,artisanal,-75.5,10.9,71,far,18,0.7920046010140629,-0.06647527391174918,5.07,0.19,542.1003037462958,445.7142857142857
S04,2013,semi_industrial,-75.5,10.9,71,far,8,0.7920046010140629,-0.06647527391174918,5.31,0.62,542.1003037462958,445.7142857142857
S04,2013,industrial,-75.5,10.9,71,far,9,0.7920046010140629,-0.06647527391174918,1.83,-0.32,542.1003037462958,445.7142857142857
S04,2014,artisanal,-75.5,10.9,71,far,19,0.3749859112967071,0.13417041335878577,7.35,0.23,512.5438184937232,454.2857142857143
S04,2014,semi_industrial,-75.5,10.9,71,far,19,0.3749859112967071,0.13417041335878577,1.57,-0.13,512.5438184937232,454.2857142857143
S04,2014,industrial,-75.5,10.9,71,far,9,0.3749859112967071,0.13417041335878577,8.9,0.86,512.5438184937232,454.2857142857143
S04,2015,artisanal,-75.5,10.9,71,far,18,-0.6078020903337243,0.5205136666545624,6.44,0.96,496.54985928961304,462.85714285714283
S04,2015,semi_industrial,-75.5,10.9,71,far,16,-0.6078020903337243,0.5205136666545624,3.22,0.59,496.54985928961304,462.85714285714283
S04,2015,industrial,-75.5,10.9,71,far,22,-0.6078020903337243,0.5205136666545624,8.06,1.94,496.54985928961304,462.85714285714283
S04,2016,artisanal,-75.5,10.9,71,far,13,-0.1261936305671534,1.2286898116274798,9.69,0.55,510.36318078768613,471.42857142857144
S04,2016,semi_industrial,-75.5,10.9,71,far,21,-0.1261936305671534,1.2286898116274798,15.13,1.01,510.36318078768613,471.42857142857144
S04,2016,industrial,-75.5,10.9,71,far,20,-0.1261936305671534,1.2286898116274798,16.73,1.04,510.36318078768613,471.42857142857144
S04,2017,artisanal,-75.5,10.9,71,far,22,-0.14128002323657674,0.6941849168587222,20.29,1.96,423.09881530397087,480
S04,2017,semi_industrial,-75.5,10.9,71,far,14,-0.14128002323657674,0.6941849168587222,11.65,0.79,423.09881530397087,480
S04,2017,industrial,-75.5,10.9,71,far,15,-0.14128002323657674,0.6941849168587222,7.22,0.01,423.09881530397087,480
S04,2018,artisanal,-75.5,10.9,71,far,10,0.5334503750842985,0.4053077188014677,14.73,1.04,564.3691910948498,480
S04,2018,semi_industrial,-75.5,10.9,71,far,20,0.5334503750842985,0.4053077188014677,6.07,0.15,564.3691910948498,480
S04,2018,industrial,-75.5,10.9,71,far,21,0.5334503750842985,0.4053077188014677,23.42,2.97,564.3691910948498,480
S04,2019,artisanal,-75.5,10.9,71,far,17,-0.5006688582120112,0.16538247330824762,4.07,0.3,520.6935890268034,470
S04,2019,semi_industrial,-75.5,10.9,71,far,21,-0.5006688582120112,0.16538247330824762,18.48,1.47,520.6935890268034,470
S04,2019,industrial,-75.5,10.9,71,far,8,-0.5006688582120112,0.16538247330824762,5.19,0.09,520.6935890268034,470
S04,2020,artisanal,-75.5,10.9,71,far,14,-0.21175336667561284,0.43566094466936156,1.91,0.25,550.1289969071578,460
S04,2020,semi_industrial,-75.5,10.9,71,far,9,-0.21175336667561284,0.43566094466936156,9.6,0.12,550.1289969071578,460
S04,2020,industrial,-75.5,10.9,71,far,11,-0.21175336667561284,0.43566094466936156,17.97,2.55,550.1289969071578,460
S04,2021,artisanal,-75.5,10.9,71,far,22,0.562046453087282,0.42191302608849424,5.36,0.34,744.3250380809466,450
S04,2021,semi_industrial,-75.5,10.9,71,far,12,0.562046453087282,0.42191302608849424,14.04,1.07,744.3250380809466,450
S04,2021,industrial,-75.5,10.9,71,far,9,0.562046453087282,0.42191302608849424,0,-0.08,744.3250380809466,450
S04,2022,artisanal,-75.5,10.9,71,far,16,0.523340311006919,0.6692686594233627,6.74,-0.92,725.9563181219901,440
S04,2022,semi_industrial,-75.5,10.9,71,far,12,0.523340311006919,0.6692686594233627,11.89,-0.02,725.9563181219901,440
S04,2022,industrial,-75.5,10.9,71,far,9,0.523340311006919,0.6692686594233627,7.89,1.06,725.9563181219901,440
S05,1998,artisanal,-75.2,11.2,48,mid,19,-0.4554731961170808,0.4978428756031944,4.01,-0.62,697,180
S05,1998,semi_industrial,-75.2,11.2,48,mid,14,-0.4554731961170808,0.4978428756031944,0.98,-0.35,697,180
S05,1998,industrial,-75.2,11.2,48,mid,8,-0.4554731961170808,0.4978428756031944,0.66,0.51,697,180
S05,1999,artisanal,-75.2,11.2,48,mid,17,0.07269301191945354,0.0690811880107895,16.64,0.01,748.1995522463686,201.8181818181818
S05,1999,semi_industrial,-75.2,11.2,48,mid,9,0.07269301191945354,0.0690811880107895,16.09,1.5,748.1995522463686,201.8181818181818
S05,1999,industrial,-75.2,11.2,48,mid,9,0.07269301191945354,0.0690811880107895,12.42,1.38,748.1995522463686,201.8181818181818
S05,2000,artisanal,-75.2,11.2,48,mid,18,0.15455867310911517,0.5675604579494798,12.6,1.22,731.1100496645154,223.63636363636363
S05,2000,semi_industrial,-75.2,11.2,48,mid,16,0.15455867310911517,0.5675604579494798,7.9,0.5,731.1100496645154,223.63636363636363
S05,2000,industrial,-75.2,11.2,48,mid,14,0.15455867310911517,0.5675604579494798,11.59,0.91,731.1100496645154,223.63636363636363
S05,2001,artisanal,-75.2,11.2,48,mid,9,-0.4794566641136728,1.1029312596875818,12.46,0.59,779.7848072295568,245.45454545454544
S05,2001,semi_industrial,-75.2,11.2,48,mid,13,-0.4794566641136728,1.1029312596875818,18.65,1.52,779.7848072295568,245.45454545454544
S05,2001,industrial,-75.2,11.2,48,mid,18,-0.4794566641136728,1.1029312596875818,10.53,1.33,779.7848072295568,245.45454545454544
S05,2002,artisanal,-75.2,11.2,48,mid,15,-0.004196257140776483,0.8481758489006036,14.1,0.08,862.547248293262,267.27272727272725
S05,2002,semi_industrial,-75.2,11.2,48,mid,20,-0.004196257140776483,0.8481758489006036,32.18,2.36,862.547248293262,267.27272727272725
S05,2002,industrial,-75.2,11.2,48,mid,22,-0.004196257140776483,0.8481758489006036,2.47,-0.74,862.547248293262,267.27272727272725
S05,2003,artisanal,-75.2,11.2,48,mid,11,-0.10190011382871367,0.637102655369565,22.76,1.13,825.7764440158012,289.09090909090907
S05,2003,semi_industrial,-75.2,11.2,48,mid,18,-0.10190011382871367,0.637102655369565,17.51,1.49,825.7764440158012,289.09090909090907
S05,2003,industrial,-75.2,11.2,48,mid,19,-0.10190011382871367,0.637102655369565,12.48,1.75,825.7764440158012,289.09090909090907
S05,2004,artisanal,-75.2,11.2,48,mid,21,0.9833648550916021,0.44035879688253965,11.66,1.02,746.0257941023476,310.9090909090909
S05,2004,semi_industrial,-75.2,11.2,48,mid,12,0.9833648550916021,0.44035879688253965,28.05,1.18,746.0257941023476,310.9090909090909
S05,2004,industrial,-75.2,11.2,48,mid,21,0.9833648550916021,0.44035879688253965,11.8,0.22,746.0257941023476,310.9090909090909
S05,2005,artisanal,-75.2,11.2,48,mid,13,-0.5814541875735616,0.4336842226598268,32.05,0.78,736.255833244181,332.72727272727275
S05,2005,semi_industrial,-75.2,11.2,48,mid,10,-0.5814541875735616,0.4336842226598268,2.9,0.67,736.255833244181,332.72727272727275
S05,2005,industrial,-75.2,11.2,48,mid,9,-0.5814541875735616,0.4336842226598268,6.98,0.68,736.255833244181,332.72727272727275
S05,2006,artisanal,-75.2,11.2,48,mid,15,-0.1878375810995503,0.7468398660543258,20.05,0.57,683.7558592210364,354.5454545454545
S05,2006,semi_industrial,-75.2,11.2,48,mid,12,-0.1878375810995503,0.7468398660543258,12.3,0.99,683.7558592210364,354.5454545454545
S05,2006,industrial,-75.2,11.2,48,mid,21,-0.1878375810995503,0.7468398660543258,6.11,0.65,683.7558592210364,354.5454545454545
S05,2007,artisanal,-75.2,11.2,48,mid,19,-0.22198867478062098,0.7673776195743583,6.54,0.59,622.1774047306226,376.3636363636364
S05,2007,semi_industrial,-75.2,11.2,48,mid,15,-0.22198867478062098,0.7673776195743583,12.57,1.41,622.1774047306226,376.3636363636364
S05,2007,industrial,-75.2,11.2,48,mid,21,-0.22198867478062098,0.7673776195743583,3.05,0,622.1774047306226,376.3636363636364
S05,2008,artisanal,-75.2,11.2,48,mid,14,-0.049112292503800836,0.54257820017885,2.46,0.04,651.2453226950528,398.18181818181813
S05,2008,semi_industrial,-75.2,11.2,48,mid,20,-0.049112292503800836,0.54257820017885,5.21,0.02,651.2453226950528,398.18181818181813
S05,2008,industrial,-75.2,11.2,48,mid,15,-0.049112292503800836,0.54257820017885,21.42,2.16,651.2453226950528,398.18181818181813
S05,2009,artisanal,-75.2,11.2,48,mid,13,0.23612020829555513,0.44250320556457595,12.3,0.31,587.5190793348667,420
S05,2009,semi_industrial,-75.2,11.2,48,mid,14,0.23612020829555513,0.44250320556457595,16.28,1.15,587.5190793348667,420
S05,2009,industrial,-75.2,11.2,48,mid,8,0.23612020829555513,0.44250320556457595,14.05,2.03,587.5190793348667,420
S05,2010,artisanal,-75.2,11.2,48,mid,22,-0.8650265699710589,0.6958843759586515,16.45,0.9,457.1281525568753,420
S05,2010,semi_industrial,-75.2,11.2,48,mid,14,-0.8650265699710589,0.6958843759586515,26.57,1.87,457.1281525568753,420
S05,2010,industrial,-75.2,11.2,48,mid,13,-0.8650265699710589,0.6958843759586515,29.94,3.91,457.1281525568753,420
S05,2011,artisanal,-75.2,11.2,48,mid,20,0.06204283493059082,1.1599294375177411,27.33,1.38,436.0944753937238,428.57142857142856
S05,2011,semi_industrial,-75.2,11.2,48,mid,14,0.06204283493059082,1.1599294375177411,15.09,0.85,436.0944753937238,428.57142857142856
S05,2011,industrial,-75.2,11.2,48,mid,10,0.06204283493059082,1.1599294375177411,7.85,1,436.0944753937238,428.57142857142856
S05,2012,artisanal,-75.2,11.2,48,mid,17,0.5971291132182184,0.5467987503356794,5.58,-0.06,481.7339157137302,437.14285714285717
S05,2012,semi_industrial,-75.2,11.2,48,mid,19,0.5971291132182184,0.5467987503356794,7.11,-0.56,481.7339157137302,437.14285714285717
S05,2012,industrial,-75.2,11.2,48,mid,14,0.5971291132182184,0.5467987503356794,10.33,2,481.7339157137302,437.14285714285717
S05,2013,artisanal,-75.2,11.2,48,mid,21,0.7920046010140629,-0.06647527391174918,11.85,0.99,542.1003037462958,445.7142857142857
S05,2013,semi_industrial,-75.2,11.2,48,mid,22,0.7920046010140629,-0.06647527391174918,6.39,-0.47,542.1003037462958,445.7142857142857
S05,2013,industrial,-75.2,11.2,48,mid,10,0.7920046010140629,-0.06647527391174918,2.62,-0.22,542.1003037462958,445.7142857142857
S05,2014,artisanal,-75.2,11.2,48,mid,9,0.3749859112967071,0.13417041335878577,8.63,0.19,512.5438184937232,454.2857142857143
S05,2014,semi_industrial,-75.2,11.2,48,mid,8,0.3749859112967071,0.13417041335878577,5.92,0.82,512.5438184937232,454.2857142857143
S05,2014,industrial,-75.2,11.2,48,mid,17,0.3749859112967071,0.13417041335878577,7.71,1.27,512.5438184937232,454.2857142857143
S05,2015,artisanal,-75.2,11.2,48,mid,14,-0.6078020903337243,0.5205136666545624,5.51,-0.25,496.54985928961304,462.85714285714283
S05,2015,semi_industrial,-75.2,11.2,48,mid,12,-0.6078020903337243,0.5205136666545624,22.7,1.4,496.54985928961304,462.85714285714283
S05,2015,industrial,-75.2,11.2,48,mid,18,-0.6078020903337243,0.5205136666545624,4.31,0.25,496.54985928961304,462.85714285714283
S05,2016,artisanal,-75.2,11.2,48,mid,14,-0.1261936305671534,1.2286898116274798,12.79,0.19,510.36318078768613,471.42857142857144
S05,2016,semi_industrial,-75.2,11.2,48,mid,19,-0.1261936305671534,1.2286898116274798,4.18,0.61,510.36318078768613,471.42857142857144
S05,2016,industrial,-75.2,11.2,48,mid,16,-0.1261936305671534,1.2286898116274798,19.51,1.99,510.36318078768613,471.42857142857144
S05,2017,artisanal,-75.2,11.2,48,mid,17,-0.14128002323657674,0.6941849168587222,11.54,0.37,423.09881530397087,480
S05,2017,semi_industrial,-75.2,11.2,48,mid,22,-0.14128002323657674,0.6941849168587222,18.14,0.89,423.09881530397087,480
S05,2017,industrial,-75.2,11.2,48,mid,12,-0.14128002323657674,0.6941849168587222,12.05,2.61,423.09881530397087,480
S05,2018,artisanal,-75.2,11.2,48,mid,15,0.5334503750842985,0.4053077188014677,0,-0.51,564.3691910948498,480
S05,2018,semi_industrial,-75.2,11.2,48,mid,15,0.5334503750842985,0.4053077188014677,16.19,1.48,564.3691910948498,480
S05,2018,industrial,-75.2,11.2,48,mid,20,0.5334503750842985,0.4053077188014677,3.83,0.55,564.3691910948498,480
S05,2019,artisanal,-75.2,11.2,48,mid,19,-0.5006688582120112,0.16538247330824762,2.45,0.71,520.6935890268034,470
S05,2019,semi_industrial,-75.2,11.2,48,mid,9,-0.5006688582120112,0.16538247330824762,28.05,1.55,520.6935890268034,470
S05,2019,industrial,-75.2,11.2,48,mid,12,-0.5006688582120112,0.16538247330824762,14.97,2.19,520.6935890268034,470
S05,2020,artisanal,-75.2,11.2,48,mid,19,-0.21175336667561284,0.43566094466936156,17.98,0.73,550.1289969071578,460
S05,2020,semi_industrial,-75.2,11.2,48,mid,11,-0.21175336667561284,0.43566094466936156,1.73,-0.3,550.1289969071578,460
S05,2020,industrial,-75.2,11.2,48,mid,20,-0.21175336667561284,0.43566094466936156,20.38,2.28,550.1289969071578,460
S05,2021,artisanal,-75.2,11.2,48,mid,16,0.562046453087282,0.42191302608849424,14.85,0.59,744.3250380809466,450
S05,2021,semi_industrial,-75.2,11.2,48,mid,12,0.562046453087282,0.42191302608849424,23.41,1.84,744.3250380809466,450
S05,2021,industrial,-75.2,11.2,48,mid,12,0.562046453087282,0.42191302608849424,9.46,0.84,744.3250380809466,450
S05,2022,artisanal,-75.2,11.2,48,mid,22,0.523340311006919,0.6692686594233627,18.79,0.89,725.9563181219901,440
S05,2022,semi_industrial,-75.2,11.2,48,mid,22,0.523340311006919,0.6692686594233627,27.26,0.53,725.9563181219901,440
S05,2022,industrial,-75.2,11.2,48,mid,22,0.523340311006919,0.6692686594233627,12.4,1.53,725.9563181219901,440
S06,1998,artisanal,-74.8,11.5,63,far,18,-0.4554731961170808,0.4978428756031944,17.01,-0,697,180
S06,1998,semi_industrial,-74.8,11.5,63,far,16,-0.4554731961170808,0.4978428756031944,8.02,0.57,697,180
S06,1998,industrial,-74.8,11.5,63,far,10,-0.4554731961170808,0.4978428756031944,8.61,1.43,697,180
S06,1999,artisanal,-74.8,11.5,63,far,8,0.07269301191945354,0.0690811880107895,4.89,0.95,748.1995522463686,201.8181818181818
S06,1999,semi_industrial,-74.8,11.5,63,far,21,0.07269301191945354,0.0690811880107895,8.68,0.68,748.1995522463686,201.8181818181818
S06,1999,industrial,-74.8,11.5,63,far,9,0.07269301191945354,0.0690811880107895,9.24,1.65,748.1995522463686,201.8181818181818
S06,2000,artisanal,-74.8,11.5,63,far,22,0.15455867310911517,0.5675604579494798,12.41,0.45,731.1100496645154,223.63636363636363
S06,2000,semi_industrial,-74.8,11.5,63,far,13,0.15455867310911517,0.5675604579494798,2.08,-0.57,731.1100496645154,223.63636363636363
S06,2000,industrial,-74.8,11.5,63,far,10,0.15455867310911517,0.5675604579494798,19.89,2.73,731.1100496645154,223.63636363636363
S06,2001,artisanal,-74.8,11.5,63,far,8,-0.4794566641136728,1.1029312596875818,7.92,1.39,779.7848072295568,245.45454545454544
S06,2001,semi_industrial,-74.8,11.5,63,far,13,-0.4794566641136728,1.1029312596875818,12.63,0.84,779.7848072295568,245.45454545454544
S06,2001,industrial,-74.8,11.5,63,far,10,-0.4794566641136728,1.1029312596875818,20.2,2.2,779.7848072295568,245.45454545454544
S06,2002,artisanal,-74.8,11.5,63,far,21,-0.004196257140776483,0.8481758489006036,23.28,1.06,862.547248293262,267.27272727272725
S06,2002,semi_industrial,-74.8,11.5,63,far,11,-0.004196257140776483,0.8481758489006036,11.32,0.1,862.547248293262,267.27272727272725
S06,2002,industrial,-74.8,11.5,63,far,19,-0.004196257140776483,0.8481758489006036,6.18,-0.16,862.547248293262,267.27272727272725
S06,2003,artisanal,-74.8,11.5,63,far,8,-0.10190011382871367,0.637102655369565,15.29,1.08,825.7764440158012,289.09090909090907
S06,2003,semi_industrial,-74.8,11.5,63,far,22,-0.10190011382871367,0.637102655369565,4.7,0.34,825.7764440158012,289.09090909090907
S06,2003,industrial,-74.8,11.5,63,far,20,-0.10190011382871367,0.637102655369565,12.49,0.64,825.7764440158012,289.09090909090907
S06,2004,artisanal,-74.8,11.5,63,far,12,0.9833648550916021,0.44035879688253965,1.86,0.24,746.0257941023476,310.9090909090909
S06,2004,semi_industrial,-74.8,11.5,63,far,8,0.9833648550916021,0.44035879688253965,6.38,0.8,746.0257941023476,310.9090909090909
S06,2004,industrial,-74.8,11.5,63,far,11,0.9833648550916021,0.44035879688253965,2.67,-0.37,746.0257941023476,310.9090909090909
S06,2005,artisanal,-74.8,11.5,63,far,14,-0.5814541875735616,0.4336842226598268,5.75,1.2,736.255833244181,332.72727272727275
S06,2005,semi_industrial,-74.8,11.5,63,far,14,-0.5814541875735616,0.4336842226598268,15.79,1.71,736.255833244181,332.72727272727275
S06,2005,industrial,-74.8,11.5,63,far,20,-0.5814541875735616,0.4336842226598268,14.6,2.3,736.255833244181,332.72727272727275
S06,2006,artisanal,-74.8,11.5,63,far,14,-0.1878375810995503,0.7468398660543258,38.2,1.61,683.7558592210364,354.5454545454545
S06,2006,semi_industrial,-74.8,11.5,63,far,17,-0.1878375810995503,0.7468398660543258,6.16,0.03,683.7558592210364,354.5454545454545
S06,2006,industrial,-74.8,11.5,63,far,18,-0.1878375810995503,0.7468398660543258,7.86,0.55,683.7558592210364,354.5454545454545
S06,2007,artisanal,-74.8,11.5,63,far,11,-0.22198867478062098,0.7673776195743583,13.69,-0.03,622.1774047306226,376.3636363636364
S06,2007,semi_industrial,-74.8,11.5,63,far,19,-0.22198867478062098,0.7673776195743583,2.99,0.63,622.1774047306226,376.3636363636364
S06,2007,industrial,-74.8,11.5,63,far,20,-0.22198867478062098,0.7673776195743583,30.22,3.57,622.1774047306226,376.3636363636364
S06,2008,artisanal,-74.8,11.5,63,far,19,-0.049112292503800836,0.54257820017885,27.54,0.92,651.2453226950528,398.18181818181813
S06,2008,semi_industrial,-74.8,11.5,63,far,16,-0.049112292503800836,0.54257820017885,5,-0.05,651.2453226950528,398.18181818181813
S06,2008,industrial,-74.8,11.5,63,far,20,-0.049112292503800836,0.54257820017885,10.78,2.28,651.2453226950528,398.18181818181813
S06,2009,artisanal,-74.8,11.5,63,far,13,0.23612020829555513,0.44250320556457595,34.06,1.6,587.5190793348667,420
S06,2009,semi_industrial,-74.8,11.5,63,far,18,0.23612020829555513,0.44250320556457595,16.52,0.99,587.5190793348667,420
S06,2009,industrial,-74.8,11.5,63,far,20,0.23612020829555513,0.44250320556457595,4.37,1.34,587.5190793348667,420
S06,2010,artisanal,-74.8,11.5,63,far,19,-0.8650265699710589,0.6958843759586515,10.17,-0.01,457.1281525568753,420
S06,2010,semi_industrial,-74.8,11.5,63,far,19,-0.8650265699710589,0.6958843759586515,4.26,-0.79,457.1281525568753,420
S06,2010,industrial,-74.8,11.5,63,far,15,-0.8650265699710589,0.6958843759586515,8.24,1.38,457.1281525568753,420
S06,2011,artisanal,-74.8,11.5,63,far,11,0.06204283493059082,1.1599294375177411,10.2,-0.33,436.0944753937238,428.57142857142856
S06,2011,semi_industrial,-74.8,11.5,63,far,22,0.06204283493059082,1.1599294375177411,5.27,-0.56,436.0944753937238,428.57142857142856
S06,2011,industrial,-74.8,11.5,63,far,8,0.06204283493059082,1.1599294375177411,8.09,0.73,436.0944753937238,428.57142857142856
S06,2012,artisanal,-74.8,11.5,63,far,21,0.5971291132182184,0.5467987503356794,7.13,0.81,481.7339157137302,437.14285714285717
S06,2012,semi_industrial,-74.8,11.5,63,far,13,0.5971291132182184,0.5467987503356794,17.01,0.52,481.7339157137302,437.14285714285717
S06,2012,industrial,-74.8,11.5,63,far,16,0.5971291132182184,0.5467987503356794,2.08,1.21,481.7339157137302,437.14285714285717
S06,2013,artisanal,-74.8,11.5,63,far,11,0.7920046010140629,-0.06647527391174918,8.71,0.36,542.1003037462958,445.7142857142857
S06,2013,semi_industrial,-74.8,11.5,63,far,17,0.7920046010140629,-0.06647527391174918,0.96,0.01,542.1003037462958,445.7142857142857
S06,2013,industrial,-74.8,11.5,63,far,13,0.7920046010140629,-0.06647527391174918,8.06,1.69,542.1003037462958,445.7142857142857
S06,2014,artisanal,-74.8,11.5,63,far,22,0.3749859112967071,0.13417041335878577,2.82,-0.73,512.5438184937232,454.2857142857143
S06,2014,semi_industrial,-74.8,11.5,63,far,8,0.3749859112967071,0.13417041335878577,3.19,0.4,512.5438184937232,454.2857142857143
S06,2014,industrial,-74.8,11.5,63,far,17,0.3749859112967071,0.13417041335878577,2.28,0.41,512.5438184937232,454.2857142857143
S06,2015,artisanal,-74.8,11.5,63,far,13,-0.6078020903337243,0.5205136666545624,12.06,-0.25,496.54985928961304,462.85714285714283
S06,2015,semi_industrial,-74.8,11.5,63,far,19,-0.6078020903337243,0.5205136666545624,2.54,-0.35,496.54985928961304,462.85714285714283
S06,2015,industrial,-74.8,11.5,63,far,18,-0.6078020903337243,0.5205136666545624,7.04,2.34,496.54985928961304,462.85714285714283
S06,2016,artisanal,-74.8,11.5,63,far,18,-0.1261936305671534,1.2286898116274798,12.76,1.21,510.36318078768613,471.42857142857144
S06,2016,semi_industrial,-74.8,11.5,63,far,14,-0.1261936305671534,1.2286898116274798,3.87,0.55,510.36318078768613,471.42857142857144
S06,2016,industrial,-74.8,11.5,63,far,8,-0.1261936305671534,1.2286898116274798,1.72,-0.13,510.36318078768613,471.42857142857144
S06,2017,artisanal,-74.8,11.5,63,far,15,-0.14128002323657674,0.6941849168587222,17.68,1.5,423.09881530397087,480
S06,2017,semi_industrial,-74.8,11.5,63,far,20,-0.14128002323657674,0.6941849168587222,17.53,1.3,423.09881530397087,480
S06,2017,industrial,-74.8,11.5,63,far,18,-0.14128002323657674,0.6941849168587222,4.96,-0.16,423.09881530397087,480
S06,2018,artisanal,-74.8,11.5,63,far,11,0.5334503750842985,0.4053077188014677,14.12,0.88,564.3691910948498,480
S06,2018,semi_industrial,-74.8,11.5,63,far,8,0.5334503750842985,0.4053077188014677,8.25,0.56,564.3691910948498,480
S06,2018,industrial,-74.8,11.5,63,far,9,0.5334503750842985,0.4053077188014677,5.51,0.63,564.3691910948498,480
S06,2019,artisanal,-74.8,11.5,63,far,16,-0.5006688582120112,0.16538247330824762,7.95,0.47,520.6935890268034,470
S06,2019,semi_industrial,-74.8,11.5,63,far,11,-0.5006688582120112,0.16538247330824762,19.18,1.52,520.6935890268034,470
S06,2019,industrial,-74.8,11.5,63,far,21,-0.5006688582120112,0.16538247330824762,0.17,0.14,520.6935890268034,470
S06,2020,artisanal,-74.8,11.5,63,far,11,-0.21175336667561284,0.43566094466936156,4.58,0,550.1289969071578,460
S06,2020,semi_industrial,-74.8,11.5,63,far,15,-0.21175336667561284,0.43566094466936156,1.28,0.34,550.1289969071578,460
S06,2020,industrial,-74.8,11.5,63,far,18,-0.21175336667561284,0.43566094466936156,7.77,1.37,550.1289969071578,460
S06,2021,artisanal,-74.8,11.5,63,far,14,0.562046453087282,0.42191302608849424,8.61,0.35,744.3250380809466,450
S06,2021,semi_industrial,-74.8,11.5,63,far,9,0.562046453087282,0.42191302608849424,11.25,0.87,744.3250380809466,450
S06,2021,industrial,-74.8,11.5,63,far,19,0.562046453087282,0.42191302608849424,6.23,0.84,744.3250380809466,450
S06,2022,artisanal,-74.8,11.5,63,far,19,0.523340311006919,0.6692686594233627,7.17,0.05,725.9563181219901,440
S06,2022,semi_industrial,-74.8,11.5,63,far,13,0.523340311006919,0.6692686594233627,0,-0.19,725.9563181219901,440
S06,2022,industrial,-74.8,11.5,63,far,11,0.523340311006919,0.6692686594233627,45.71,5.57,725.9563181219901,440
S07,1998,artisanal,-74.3,11.8,39,near,21,-0.4554731961170808,0.4978428756031944,18.62,1.29,697,180
S07,1998,semi_industrial,-74.3,11.8,39,near,13,-0.4554731961170808,0.4978428756031944,47.43,2.02,697,180
S07,1998,industrial,-74.3,11.8,39,near,12,-0.4554731961170808,0.4978428756031944,24.39,2.3,697,180
S07,1999,artisanal,-74.3,11.8,39,near,12,0.07269301191945354,0.0690811880107895,9.83,-0.39,748.1995522463686,201.8181818181818
S07,1999,semi_industrial,-74.3,11.8,39,near,12,0.07269301191945354,0.0690811880107895,43.43,3.63,748.1995522463686,201.8181818181818
S07,1999,industrial,-74.3,11.8,39,near,8,0.07269301191945354,0.0690811880107895,53.54,6.26,748.1995522463686,201.8181818181818
S07,2000,artisanal,-74.3,11.8,39,near,21,0.15455867310911517,0.5675604579494798,31.15,2.18,731.1100496645154,223.63636363636363
S07,2000,semi_industrial,-74.3,11.8,39,near,13,0.15455867310911517,0.5675604579494798,37.44,1.97,731.1100496645154,223.63636363636363
S07,2000,industrial,-74.3,11.8,39,near,19,0.15455867310911517,0.5675604579494798,35.64,4.49,731.1100496645154,223.63636363636363
S07,2001,artisanal,-74.3,11.8,39,near,21,-0.4794566641136728,1.1029312596875818,45.8,0.99,779.7848072295568,245.45454545454544
S07,2001,semi_industrial,-74.3,11.8,39,near,15,-0.4794566641136728,1.1029312596875818,59.23,4.4,779.7848072295568,245.45454545454544
S07,2001,industrial,-74.3,11.8,39,near,11,-0.4794566641136728,1.1029312596875818,19.11,2.65,779.7848072295568,245.45454545454544
S07,2002,artisanal,-74.3,11.8,39,near,15,-0.004196257140776483,0.8481758489006036,10.8,0.93,862.547248293262,267.27272727272725
S07,2002,semi_industrial,-74.3,11.8,39,near,10,-0.004196257140776483,0.8481758489006036,95.52,6.26,862.547248293262,267.27272727272725
S07,2002,industrial,-74.3,11.8,39,near,16,-0.004196257140776483,0.8481758489006036,58.58,7.56,862.547248293262,267.27272727272725
S07,2003,artisanal,-74.3,11.8,39,near,21,-0.10190011382871367,0.637102655369565,40.25,1.79,825.7764440158012,289.09090909090907
S07,2003,semi_industrial,-74.3,11.8,39,near,9,-0.10190011382871367,0.637102655369565,63.73,3.74,825.7764440158012,289.09090909090907
S07,2003,industrial,-74.3,11.8,39,near,20,-0.10190011382871367,0.637102655369565,58.92,7.16,825.7764440158012,289.09090909090907
S07,2004,artisanal,-74.3,11.8,39,near,12,0.9833648550916021,0.44035879688253965,36.32,1.96,746.0257941023476,310.9090909090909
S07,2004,semi_industrial,-74.3,11.8,39,near,18,0.9833648550916021,0.44035879688253965,51.2,3.61,746.0257941023476,310.9090909090909
S07,2004,industrial,-74.3,11.8,39,near,17,0.9833648550916021,0.44035879688253965,8.15,0.17,746.0257941023476,310.9090909090909
S07,2005,artisanal,-74.3,11.8,39,near,9,-0.5814541875735616,0.4336842226598268,28.9,0.72,736.255833244181,332.72727272727275
S07,2005,semi_industrial,-74.3,11.8,39,near,21,-0.5814541875735616,0.4336842226598268,74.95,4.45,736.255833244181,332.72727272727275
S07,2005,industrial,-74.3,11.8,39,near,14,-0.5814541875735616,0.4336842226598268,75.98,8.49,736.255833244181,332.72727272727275
S07,2006,artisanal,-74.3,11.8,39,near,20,-0.1878375810995503,0.7468398660543258,62.74,2.86,683.7558592210364,354.5454545454545
S07,2006,semi_industrial,-74.3,11.8,39,near,11,-0.1878375810995503,0.7468398660543258,9.12,0.21,683.7558592210364,354.5454545454545
S07,2006,industrial,-74.3,11.8,39,near,13,-0.1878375810995503,0.7468398660543258,45.02,5.68,683.7558592210364,354.5454545454545
S07,2007,artisanal,-74.3,11.8,39,near,13,-0.22198867478062098,0.7673776195743583,51.63,1.23,622.1774047306226,376.3636363636364
S07,2007,semi_industrial,-74.3,11.8,39,near,8,-0.22198867478062098,0.7673776195743583,50.83,4.05,622.1774047306226,376.3636363636364
S07,2007,industrial,-74.3,11.8,39,near,9,-0.22198867478062098,0.7673776195743583,72.88,8.64,622.1774047306226,376.3636363636364
S07,2008,artisanal,-74.3,11.8,39,near,8,-0.049112292503800836,0.54257820017885,28.98,1.63,651.2453226950528,398.18181818181813
S07,2008,semi_industrial,-74.3,11.8,39,near,20,-0.049112292503800836,0.54257820017885,78.71,4.96,651.2453226950528,398.18181818181813
S07,2008,industrial,-74.3,11.8,39,near,18,-0.049112292503800836,0.54257820017885,51.04,6.08,651.2453226950528,398.18181818181813
S07,2009,artisanal,-74.3,11.8,39,near,13,0.23612020829555513,0.44250320556457595,11.38,0.61,587.5190793348667,420
S07,2009,semi_industrial,-74.3,11.8,39,near,13,0.23612020829555513,0.44250320556457595,34.3,2.19,587.5190793348667,420
S07,2009,industrial,-74.3,11.8,39,near,12,0.23612020829555513,0.44250320556457595,32.86,3.59,587.5190793348667,420
S07,2010,artisanal,-74.3,11.8,39,near,10,-0.8650265699710589,0.6958843759586515,20.44,0.89,457.1281525568753,420
S07,2010,semi_industrial,-74.3,11.8,39,near,16,-0.8650265699710589,0.6958843759586515,36.26,2.38,457.1281525568753,420
S07,2010,industrial,-74.3,11.8,39,near,15,-0.8650265699710589,0.6958843759586515,30.3,3.99,457.1281525568753,420
S07,2011,artisanal,-74.3,11.8,39,near,12,0.06204283493059082,1.1599294375177411,46.62,2.54,436.0944753937238,428.57142857142856
S07,2011,semi_industrial,-74.3,11.8,39,near,13,0.06204283493059082,1.1599294375177411,56.79,4.25,436.0944753937238,428.57142857142856
S07,2011,industrial,-74.3,11.8,39,near,13,0.06204283493059082,1.1599294375177411,7.72,1.34,436.0944753937238,428.57142857142856
S07,2012,artisanal,-74.3,11.8,39,near,20,0.5971291132182184,0.5467987503356794,0.15,0.62,481.7339157137302,437.14285714285717
S07,2012,semi_industrial,-74.3,11.8,39,near,17,0.5971291132182184,0.5467987503356794,26.11,1.53,481.7339157137302,437.14285714285717
S07,2012,industrial,-74.3,11.8,39,near,16,0.5971291132182184,0.5467987503356794,2.92,-0.06,481.7339157137302,437.14285714285717
S07,2013,artisanal,-74.3,11.8,39,near,13,0.7920046010140629,-0.06647527391174918,34.95,1.77,542.1003037462958,445.7142857142857
S07,2013,semi_industrial,-74.3,11.8,39,near,14,0.7920046010140629,-0.06647527391174918,31.48,1.86,542.1003037462958,445.7142857142857
S07,2013,industrial,-74.3,11.8,39,near,20,0.7920046010140629,-0.06647527391174918,23.4,4.17,542.1003037462958,445.7142857142857
S07,2014,artisanal,-74.3,11.8,39,near,17,0.3749859112967071,0.13417041335878577,30.95,0.75,512.5438184937232,454.2857142857143
S07,2014,semi_industrial,-74.3,11.8,39,near,20,0.3749859112967071,0.13417041335878577,6.67,0,512.5438184937232,454.2857142857143
S07,2014,industrial,-74.3,11.8,39,near,12,0.3749859112967071,0.13417041335878577,25.08,3.78,512.5438184937232,454.2857142857143
S07,2015,artisanal,-74.3,11.8,39,near,17,-0.6078020903337243,0.5205136666545624,34.78,0.87,496.54985928961304,462.85714285714283
S07,2015,semi_industrial,-74.3,11.8,39,near,15,-0.6078020903337243,0.5205136666545624,41.79,2.78,496.54985928961304,462.85714285714283
S07,2015,industrial,-74.3,11.8,39,near,11,-0.6078020903337243,0.5205136666545624,46.75,6.82,496.54985928961304,462.85714285714283
S07,2016,artisanal,-74.3,11.8,39,near,14,-0.1261936305671534,1.2286898116274798,56.41,3.03,510.36318078768613,471.42857142857144
S07,2016,semi_industrial,-74.3,11.8,39,near,16,-0.1261936305671534,1.2286898116274798,21.86,1.18,510.36318078768613,471.42857142857144
S07,2016,industrial,-74.3,11.8,39,near,8,-0.1261936305671534,1.2286898116274798,13.91,1.55,510.36318078768613,471.42857142857144
S07,2017,artisanal,-74.3,11.8,39,near,21,-0.14128002323657674,0.6941849168587222,21.42,0.81,423.09881530397087,480
S07,2017,semi_industrial,-74.3,11.8,39,near,22,-0.14128002323657674,0.6941849168587222,22.94,0.98,423.09881530397087,480
S07,2017,industrial,-74.3,11.8,39,near,17,-0.14128002323657674,0.6941849168587222,34.4,3.44,423.09881530397087,480
S07,2018,artisanal,-74.3,11.8,39,near,18,0.5334503750842985,0.4053077188014677,31.88,1.42,564.3691910948498,480
S07,2018,semi_industrial,-74.3,11.8,39,near,19,0.5334503750842985,0.4053077188014677,13.64,0.6,564.3691910948498,480
S07,2018,industrial,-74.3,11.8,39,near,15,0.5334503750842985,0.4053077188014677,35.72,4.3,564.3691910948498,480
S07,2019,artisanal,-74.3,11.8,39,near,13,-0.5006688582120112,0.16538247330824762,5.71,0.06,520.6935890268034,470
S07,2019,semi_industrial,-74.3,11.8,39,near,20,-0.5006688582120112,0.16538247330824762,45.16,1.63,520.6935890268034,470
S07,2019,industrial,-74.3,11.8,39,near,14,-0.5006688582120112,0.16538247330824762,39.85,4.25,520.6935890268034,470
S07,2020,artisanal,-74.3,11.8,39,near,21,-0.21175336667561284,0.43566094466936156,41.75,1.61,550.1289969071578,460
S07,2020,semi_industrial,-74.3,11.8,39,near,18,-0.21175336667561284,0.43566094466936156,32.02,2.52,550.1289969071578,460
S07,2020,industrial,-74.3,11.8,39,near,17,-0.21175336667561284,0.43566094466936156,11.95,1.87,550.1289969071578,460
S07,2021,artisanal,-74.3,11.8,39,near,14,0.562046453087282,0.42191302608849424,38.94,0.61,744.3250380809466,450
S07,2021,semi_industrial,-74.3,11.8,39,near,22,0.562046453087282,0.42191302608849424,12.17,1.34,744.3250380809466,450
S07,2021,industrial,-74.3,11.8,39,near,11,0.562046453087282,0.42191302608849424,5.31,1.23,744.3250380809466,450
S07,2022,artisanal,-74.3,11.8,39,near,21,0.523340311006919,0.6692686594233627,27.77,0.64,725.9563181219901,440
S07,2022,semi_industrial,-74.3,11.8,39,near,11,0.523340311006919,0.6692686594233627,7.39,0.65,725.9563181219901,440
S07,2022,industrial,-74.3,11.8,39,near,22,0.523340311006919,0.6692686594233627,46.93,5.75,725.9563181219901,440
S08,1998,artisanal,-73.8,12.1,55,mid,21,-0.4554731961170808,0.4978428756031944,52.22,2.48,697,180
S08,1998,semi_industrial,-73.8,12.1,55,mid,12,-0.4554731961170808,0.4978428756031944,20.47,1.8,697,180
S08,1998,industrial,-73.8,12.1,55,mid,9,-0.4554731961170808,0.4978428756031944,25.02,3.63,697,180
S08,1999,artisanal,-73.8,12.1,55,mid,14,0.07269301191945354,0.0690811880107895,2.11,0.26,748.1995522463686,201.8181818181818
S08,1999,semi_industrial,-73.8,12.1,55,mid,12,0.07269301191945354,0.0690811880107895,20.53,1.75,748.1995522463686,201.8181818181818
S08,1999,industrial,-73.8,12.1,55,mid,17,0.07269301191945354,0.0690811880107895,2.42,1.2,748.1995522463686,201.8181818181818
S08,2000,artisanal,-73.8,12.1,55,mid,14,0.15455867310911517,0.5675604579494798,3.1,0.61,731.1100496645154,223.63636363636363
S08,2000,semi_industrial,-73.8,12.1,55,mid,14,0.15455867310911517,0.5675604579494798,25.32,2.07,731.1100496645154,223.63636363636363
S08,2000,industrial,-73.8,12.1,55,mid,15,0.15455867310911517,0.5675604579494798,20.36,3.51,731.1100496645154,223.63636363636363
S08,2001,artisanal,-73.8,12.1,55,mid,17,-0.4794566641136728,1.1029312596875818,75.37,2.81,779.7848072295568,245.45454545454544
S08,2001,semi_industrial,-73.8,12.1,55,mid,20,-0.4794566641136728,1.1029312596875818,30.73,2.37,779.7848072295568,245.45454545454544
S08,2001,industrial,-73.8,12.1,55,mid,11,-0.4794566641136728,1.1029312596875818,23.93,4.44,779.7848072295568,245.45454545454544
S08,2002,artisanal,-73.8,12.1,55,mid,18,-0.004196257140776483,0.8481758489006036,20.37,0.48,862.547248293262,267.27272727272725
S08,2002,semi_industrial,-73.8,12.1,55,mid,17,-0.004196257140776483,0.8481758489006036,8.34,0.73,862.547248293262,267.27272727272725
S08,2002,industrial,-73.8,12.1,55,mid,16,-0.004196257140776483,0.8481758489006036,42.38,4.27,862.547248293262,267.27272727272725
S08,2003,artisanal,-73.8,12.1,55,mid,18,-0.10190011382871367,0.637102655369565,45.23,2.34,825.7764440158012,289.09090909090907
S08,2003,semi_industrial,-73.8,12.1,55,mid,13,-0.10190011382871367,0.637102655369565,45.85,2.68,825.7764440158012,289.09090909090907
S08,2003,industrial,-73.8,12.1,55,mid,13,-0.10190011382871367,0.637102655369565,16.82,2.13,825.7764440158012,289.09090909090907
S08,2004,artisanal,-73.8,12.1,55,mid,21,0.9833648550916021,0.44035879688253965,22.2,1.61,746.0257941023476,310.9090909090909
S08,2004,semi_industrial,-73.8,12.1,55,mid,20,0.9833648550916021,0.44035879688253965,7.39,-0.06,746.0257941023476,310.9090909090909
S08,2004,industrial,-73.8,12.1,55,mid,8,0.9833648550916021,0.44035879688253965,24.36,2.42,746.0257941023476,310.9090909090909
S08,2005,artisanal,-73.8,12.1,55,mid,22,-0.5814541875735616,0.4336842226598268,24.28,1.5,736.255833244181,332.72727272727275
S08,2005,semi_industrial,-73.8,12.1,55,mid,17,-0.5814541875735616,0.4336842226598268,39,2.32,736.255833244181,332.72727272727275
S08,2005,industrial,-73.8,12.1,55,mid,11,-0.5814541875735616,0.4336842226598268,12.03,1.33,736.255833244181,332.72727272727275
S08,2006,artisanal,-73.8,12.1,55,mid,14,-0.1878375810995503,0.7468398660543258,13.53,0.32,683.7558592210364,354.5454545454545
S08,2006,semi_industrial,-73.8,12.1,55,mid,14,-0.1878375810995503,0.7468398660543258,59.46,3.55,683.7558592210364,354.5454545454545
S08,2006,industrial,-73.8,12.1,55,mid,10,-0.1878375810995503,0.7468398660543258,20.52,2.79,683.7558592210364,354.5454545454545
S08,2007,artisanal,-73.8,12.1,55,mid,21,-0.22198867478062098,0.7673776195743583,14.77,1.14,622.1774047306226,376.3636363636364
S08,2007,semi_industrial,-73.8,12.1,55,mid,12,-0.22198867478062098,0.7673776195743583,12.2,0.71,622.1774047306226,376.3636363636364
S08,2007,industrial,-73.8,12.1,55,mid,14,-0.22198867478062098,0.7673776195743583,30.17,3.79,622.1774047306226,376.3636363636364
S08,2008,artisanal,-73.8,12.1,55,mid,10,-0.049112292503800836,0.54257820017885,26.23,0.37,651.2453226950528,398.18181818181813
S08,2008,semi_industrial,-73.8,12.1,55,mid,21,-0.049112292503800836,0.54257820017885,15.35,1.63,651.2453226950528,398.18181818181813
S08,2008,industrial,-73.8,12.1,55,mid,19,-0.049112292503800836,0.54257820017885,16.5,2.02,651.2453226950528,398.18181818181813
S08,2009,artisanal,-73.8,12.1,55,mid,13,0.23612020829555513,0.44250320556457595,3.31,-0.17,587.5190793348667,420
S08,2009,semi_industrial,-73.8,12.1,55,mid,18,0.23612020829555513,0.44250320556457595,42.15,3.11,587.5190793348667,420
S08,2009,industrial,-73.8,12.1,55,mid,15,0.23612020829555513,0.44250320556457595,6.98,1.57,587.5190793348667,420
S08,2010,artisanal,-73.8,12.1,55,mid,8,-0.8650265699710589,0.6958843759586515,9.97,0.74,457.1281525568753,420
S08,2010,semi_industrial,-73.8,12.1,55,mid,13,-0.8650265699710589,0.6958843759586515,6.71,0.46,457.1281525568753,420
S08,2010,industrial,-73.8,12.1,55,mid,18,-0.8650265699710589,0.6958843759586515,12.22,1.9,457.1281525568753,420
S08,2011,artisanal,-73.8,12.1,55,mid,19,0.06204283493059082,1.1599294375177411,36.38,1.39,436.0944753937238,428.57142857142856
S08,2011,semi_industrial,-73.8,12.1,55,mid,8,0.06204283493059082,1.1599294375177411,17.59,0.63,436.0944753937238,428.57142857142856
S08,2011,industrial,-73.8,12.1,55,mid,8,0.06204283493059082,1.1599294375177411,9.05,0.54,436.0944753937238,428.57142857142856
S08,2012,artisanal,-73.8,12.1,55,mid,20,0.5971291132182184,0.5467987503356794,12.25,0.36,481.7339157137302,437.14285714285717
S08,2012,semi_industrial,-73.8,12.1,55,mid,13,0.5971291132182184,0.5467987503356794,12.71,0.32,481.7339157137302,437.14285714285717
S08,2012,industrial,-73.8,12.1,55,mid,21,0.5971291132182184,0.5467987503356794,23.84,2.77,481.7339157137302,437.14285714285717
S08,2013,artisanal,-73.8,12.1,55,mid,22,0.7920046010140629,-0.06647527391174918,11.17,0.87,542.1003037462958,445.7142857142857
S08,2013,semi_industrial,-73.8,12.1,55,mid,10,0.7920046010140629,-0.06647527391174918,16.48,1.75,542.1003037462958,445.7142857142857
S08,2013,industrial,-73.8,12.1,55,mid,19,0.7920046010140629,-0.06647527391174918,23.96,2.29,542.1003037462958,445.7142857142857
S08,2014,artisanal,-73.8,12.1,55,mid,15,0.3749859112967071,0.13417041335878577,29.49,1.4,512.5438184937232,454.2857142857143
S08,2014,semi_industrial,-73.8,12.1,55,mid,14,0.3749859112967071,0.13417041335878577,21.76,1.02,512.5438184937232,454.2857142857143
S08,2014,industrial,-73.8,12.1,55,mid,14,0.3749859112967071,0.13417041335878577,18.14,1.91,512.5438184937232,454.2857142857143
S08,2015,artisanal,-73.8,12.1,55,mid,20,-0.6078020903337243,0.5205136666545624,5.46,-0.76,496.54985928961304,462.85714285714283
S08,2015,semi_industrial,-73.8,12.1,55,mid,11,-0.6078020903337243,0.5205136666545624,8.8,0.92,496.54985928961304,462.85714285714283
S08,2015,industrial,-73.8,12.1,55,mid,11,-0.6078020903337243,0.5205136666545624,11.33,2.03,496.54985928961304,462.85714285714283
S08,2016,artisanal,-73.8,12.1,55,mid,11,-0.1261936305671534,1.2286898116274798,20.01,0.01,510.36318078768613,471.42857142857144
S08,2016,semi_industrial,-73.8,12.1,55,mid,16,-0.1261936305671534,1.2286898116274798,30.02,1.46,510.36318078768613,471.42857142857144
S08,2016,industrial,-73.8,12.1,55,mid,15,-0.1261936305671534,1.2286898116274798,28.66,3.5,510.36318078768613,471.42857142857144
S08,2017,artisanal,-73.8,12.1,55,mid,18,-0.14128002323657674,0.6941849168587222,18.78,-0.1,423.09881530397087,480
S08,2017,semi_industrial,-73.8,12.1,55,mid,14,-0.14128002323657674,0.6941849168587222,6.42,1.53,423.09881530397087,480
S08,2017,industrial,-73.8,12.1,55,mid,22,-0.14128002323657674,0.6941849168587222,23.79,2.17,423.09881530397087,480
S08,2018,artisanal,-73.8,12.1,55,mid,9,0.5334503750842985,0.4053077188014677,47.4,3.19,564.3691910948498,480
S08,2018,semi_industrial,-73.8,12.1,55,mid,12,0.5334503750842985,0.4053077188014677,17.45,1.25,564.3691910948498,480
S08,2018,industrial,-73.8,12.1,55,mid,17,0.5334503750842985,0.4053077188014677,18.4,1.7,564.3691910948498,480
S08,2019,artisanal,-73.8,12.1,55,mid,16,-0.5006688582120112,0.16538247330824762,16.01,-0.17,520.6935890268034,470
S08,2019,semi_industrial,-73.8,12.1,55,mid,14,-0.5006688582120112,0.16538247330824762,5.09,0.34,520.6935890268034,470
S08,2019,industrial,-73.8,12.1,55,mid,20,-0.5006688582120112,0.16538247330824762,5.92,0.84,520.6935890268034,470
S08,2020,artisanal,-73.8,12.1,55,mid,10,-0.21175336667561284,0.43566094466936156,5.43,0.4,550.1289969071578,460
S08,2020,semi_industrial,-73.8,12.1,55,mid,13,-0.21175336667561284,0.43566094466936156,7.86,1.12,550.1289969071578,460
S08,2020,industrial,-73.8,12.1,55,mid,13,-0.21175336667561284,0.43566094466936156,11.39,1.52,550.1289969071578,460
S08,2021,artisanal,-73.8,12.1,55,mid,9,0.562046453087282,0.42191302608849424,2.46,1.19,744.3250380809466,450
S08,2021,semi_industrial,-73.8,12.1,55,mid,9,0.562046453087282,0.42191302608849424,20.68,1,744.3250380809466,450
S08,2021,industrial,-73.8,12.1,55,mid,12,0.562046453087282,0.42191302608849424,16.8,1.29,744.3250380809466,450
S08,2022,artisanal,-73.8,12.1,55,mid,11,0.523340311006919,0.6692686594233627,32,0.96,725.9563181219901,440
S08,2022,semi_industrial,-73.8,12.1,55,mid,13,0.523340311006919,0.6692686594233627,9,1.17,725.9563181219901,440
S08,2022,industrial,-73.8,12.1,55,mid,18,0.523340311006919,0.6692686594233627,21.9,2.73,725.9563181219901,440
