set_id,year,month,lon,lat,SST_c,D20_m,log_chl_mg_m3,nino34_index,set_duration_h,cpue_t_set
T0001,2017,11,-117.111,15.888,28.5,85,0.245,1.14,1.2,3.04
T0002,2001,10,-118.642,-10.303,25.5,89,-1.127,-0.64,1.4,9.61
T0003,2019,6,-128.343,-5.793,28.3,65,-0.51,-1.51,1.7,2.08
T0004,2014,3,-127.892,6.075,29.3,82,-0.65,-1.61,1.5,2.88
T0005,2007,5,-109.434,9.773,27.1,66,-0.565,-0.6,1.2,4.12
T0006,2010,7,-98.385,18.278,25.7,92,-0.466,0.22,0.5,1.19
T0007,2012,5,-80.34,-12.111,32.6,80,-1.158,0.5,1,9.63
T0008,2004,4,-88.028,2.149,27.8,70,-0.476,-0.21,1.5,5.73
T0009,2011,11,-122.678,-10.525,29.8,42,-0.22,1.18,1.9,4.64
T0010,2001,9,-131.574,19.357,32.2,68,0.124,0.79,0.6,7.91
T0011,2014,7,-116.618,18.393,23.6,42,-1.954,-0.38,0.8,1.16
T0012,2005,12,-136.196,-14.222,25.5,81,-1.049,-0.04,0.5,0.92
T0013,2005,10,-90.552,6.113,27.5,60,-0.227,-0.39,0.9,3
T0014,2009,6,-80.498,3.242,27.5,106,-1.222,0.52,0.8,2.48
T0015,2012,8,-98.681,6.647,25.3,72,0.291,0.03,1.6,1.6
T0016,2003,6,-139.408,2.305,27.2,91,-1.429,-0.03,1.1,1.46
T0017,2004,8,-127.799,-12.719,31.6,57,-1.589,1.11,0.6,24.17
T0018,2018,9,-99.865,-6.525,32.2,76,0.127,0.59,1.4,5.69
T0019,2019,6,-120.864,-1.027,25.9,94,0.087,0.99,1,2.63
T0020,2019,3,-118.881,-17.455,30.4,68,-0.993,-1.17,1.7,6.97
T0021,2003,2,-121.206,-14.391,25.3,114,-0.341,1.2,1.8,0.69
T0022,2010,6,-87.539,-19.338,28.4,50,-0.323,1.18,1.7,7.89
T0023,2018,7,-115.772,3.476,29.7,38,0.156,-0.29,1.9,4.97
T0024,2000,10,-113.94,-6.112,30,41,-2.324,-0.25,2,1.96
T0025,2017,12,-82.055,19.547,26.9,63,1.007,-0.92,1,7.76
T0026,2019,7,-130.237,-8.852,27.4,25,-0.883,0.17,1.7,2.71
T0027,2021,4,-121.897,12.948,29.3,75,-0.353,0.95,0.6,3.7
T0028,2019,3,-128.562,-16.068,26,140,-1.258,-0.13,1.7,1.77
T0029,2020,4,-90.034,13.904,29.8,69,0.192,0.04,1.1,5.06
T0030,2017,6,-129.265,11.098,26,76,-0.716,1.54,1.1,0.87
T0031,2014,9,-132.133,3.349,26.2,84,0.377,1.12,0.8,2.27
T0032,2005,10,-104.53,1.602,21.8,99,-1.136,-0.04,0.6,1.05
T0033,2001,12,-82.989,-9.602,26.4,54,-0.8,-0.6,0.9,8.34
T0034,2002,8,-114.931,12.062,28.2,29,-0.3,-0.35,1.1,0.76
T0035,2010,4,-80.688,-12.309,23.3,74,-0.92,-0.14,1.7,1.31
T0036,2014,4,-100.868,-14.491,31.3,120,-1.898,0.16,0.5,0.97
T0037,2006,9,-113.356,-4.208,29.4,114,-0.5,0.3,0.7,2.11
T0038,2000,9,-114.844,-16.589,22.5,80,-0.171,0.78,1,0.9
T0039,2009,8,-123.777,-18.74,26.1,60,-0.694,-0.2,1.4,4.65
T0040,2014,2,-112.725,-0.31,27.4,39,-2.436,0.93,0.7,1.97
T0041,2016,3,-136.205,-8.17,27.3,96,-0.256,1.16,1.5,1.96
T0042,2001,6,-98.439,-5.865,28.1,99,-1.402,-0.82,0.8,3
T0043,2004,12,-139.816,1.272,27.6,59,0.449,-2.21,0.6,6.79
T0044,2006,6,-104.535,-11.601,29.3,81,-1.473,-0.05,0.5,3.17
T0045,2021,5,-137.309,-0.286,31.2,101,0.182,0.75,0.5,7.22
T0046,2016,2,-109.079,-4.598,28,94,-0.708,1.06,1.1,2.41
T0047,2020,2,-106.467,12.82,31.7,73,-0.472,0.72,0.9,8.8
T0048,2009,6,-86.369,-10.361,28,65,-0.791,-1.36,1.8,2.03
T0049,2021,2,-124.46,-1.96,25.6,121,0.846,-0.81,1.6,1.99
T0050,2021,11,-92.44,8.258,27.9,73,0.634,0.1,1.1,2.59
T0051,2004,3,-123.582,12.412,23.7,27,-0.135,0.26,0.6,2.25
T0052,2022,6,-103.537,4.598,33.1,63,-1.173,1.09,0.5,3.72
T0053,2007,2,-131.095,-13.729,30.2,82,-0.428,0.39,0.6,3.21
T0054,2003,6,-125.047,-0.147,27.6,120,-1.312,-1.22,0.7,1.56
T0055,2014,10,-123.951,-1.031,29.6,120,-1.908,0.59,0.6,3.1
T0056,2021,7,-107.819,13.099,29.3,75,-0.183,0.9,1.3,1.38
T0057,2011,6,-105.504,13.774,25.6,98,-0.524,-1.63,0.6,3.55
T0058,2013,3,-111.38,-0.684,23,133,0.313,-0.97,1.1,0.96
T0059,2009,6,-104.464,17.451,26.6,98,-1.39,-0.44,0.9,5.66
T0060,2003,7,-117.439,-16.84,27,133,-0.492,-0.9,1,3.38
T0061,2002,6,-136.468,-1.608,27.6,74,0.15,0.75,1.2,2.24
T0062,2002,9,-92.887,-11.021,32.5,76,-1.609,1.42,0.8,4.08
T0063,2009,3,-133.673,18.883,27,73,-1.605,0.4,1.1,3.53
T0064,2017,1,-137.045,-4.124,24.6,80,-0.726,2.29,1.8,0.72
T0065,2014,8,-124.912,11.803,27.2,93,-0.629,0.04,1.1,1.15
T0066,2001,7,-87.082,-6.33,30.4,98,0.467,0.23,0.8,2.31
T0067,2000,3,-98.979,15.058,23.6,60,-0.656,0.31,1,0.43
T0068,2018,6,-89.951,-1.745,24,76,-0.71,-0.18,0.8,0.84
T0069,2022,9,-101.651,11.469,27.9,29,0.216,0.59,1.2,3.27
T0070,2007,6,-121.83,17.154,30.9,45,-1.158,1.24,0.8,3.22
T0071,2017,7,-136.617,-11.011,29,112,-1.636,-0.2,1.5,0.81
T0072,2001,3,-133.302,-12.714,25.6,116,0.1,-1.26,1.6,2.78
T0073,2018,3,-125.16,-0.454,26.5,108,-0.883,1.84,1.6,0.44
T0074,2013,4,-128.181,-17.83,27.4,87,-1.24,-0.85,1.7,4.23
T0075,2014,4,-119.078,-13.164,27.2,69,-1.826,-1.61,1.8,15.61
T0076,2000,9,-98.745,14.023,28.8,100,-1.088,0.99,1.5,2.7
T0077,2015,6,-85.23,19.931,29.8,57,0.194,-0.74,1,2.75
T0078,2006,9,-121.392,1.103,25.1,84,-0.801,0.57,1.4,1.76
T0079,2002,12,-80.024,0.96,28.7,79,0.546,0.07,1.2,3.09
T0080,2002,10,-94.949,-2.596,28.6,88,-0.267,0.06,1,4.18
T0081,2016,6,-92.41,-7.343,29.1,60,-1.015,-0.54,2,1.82
T0082,2006,1,-137.505,13.048,28.6,98,-0.872,0.6,0.8,1.89
T0083,2004,7,-84.105,0.046,29.4,87,-1.031,-1.03,1.9,6.46
T0084,2007,9,-81.417,14.952,26.4,83,-1.155,0.17,1.4,2.01
T0085,2002,9,-92.853,7.7,22.6,41,-0.273,-0.46,0.8,1.05
T0086,2014,10,-99.577,-19.895,25.3,71,-0.795,-0.55,1.1,1.18
T0087,2009,5,-94.482,2.916,31.5,101,-0.398,1.31,1.6,1.7
T0088,2004,5,-112.734,3.626,22.8,86,-0.709,-0.93,1.5,1.02
T0089,2020,4,-135.239,0.982,31.1,102,-0.005,-1.73,1.3,5.11
T0090,2019,1,-99.337,2.04,24.9,115,-1.463,1.06,1,0.63
T0091,2003,3,-118.916,-18.562,24.7,11,-0.949,1.14,1.2,0.96
T0092,2006,11,-120.709,-3.978,28.5,48,-1.374,-0.37,1.6,5.36
T0093,2009,6,-135.968,-0.976,22.6,104,-0.675,1.33,0.8,2.18
T0094,2000,7,-120.552,2.503,28.9,98,0.15,0.16,0.7,2.51
T0095,2015,9,-111.84,-8.661,29.5,93,-0.526,0.29,1.6,5.9
T0096,2011,3,-111.047,-5.212,29.5,55,-1.191,-0.46,0.7,6.67
T0097,2004,6,-88.976,-11.533,30.3,94,-0.103,-1.82,1.4,9.71
T0098,2003,8,-119.613,0.322,27.1,64,-1.457,0.29,1.9,8.74
T0099,2010,5,-116.482,17.71,28,70,0.756,-2.05,0.9,10.1
T0100,2016,7,-106.169,6.588,28.7,59,0.598,0.49,0.6,1.23
T0101,2003,6,-106.171,9.633,30.4,40,-1.761,-0.02,1.6,2.81
T0102,2008,8,-107.888,3.921,28.5,73,-0.491,-0.34,1.6,4.47
T0103,2009,3,-93.549,1.066,28.3,46,0.019,1.08,0.7,2.84
T0104,2011,9,-136.773,-3.762,23.7,97,-1.276,1.33,1.3,0.46
T0105,2017,4,-135.672,-1.292,28,82,-0.038,-1.24,1.6,1.61
T0106,2017,6,-104.143,2.021,25.8,72,-0.383,0.79,1.1,4.17
T0107,2020,8,-131.491,13.077,26.7,109,-1.232,0.61,1.7,0.88
T0108,2015,2,-119.808,8.242,28.6,96,-2.06,-0.44,1.3,3.51
T0109,2013,12,-110.85,-1.032,25.1,93,1.366,1.37,1.1,1.05
T0110,2007,3,-130.695,10.368,29.8,97,-0.978,-0.27,0.9,3.37
T0111,2009,6,-112.426,-11.757,29.8,115,-0.349,0.42,1.1,7.51
T0112,2011,6,-135.73,-11.388,24.2,67,-0.136,0.42,1.6,4.32
T0113,2011,12,-133.845,-11.499,30.4,52,-1.065,-0.94,0.8,5.16
T0114,2013,3,-136.728,-15.027,30.5,78,-0.898,1.51,1,1.88
T0115,2022,10,-114.902,-6.833,29.1,102,-0.027,1.14,1.1,3.27
T0116,2001,11,-126.965,16.649,29.5,31,-0.528,0.64,1.5,5.12
T0117,2010,3,-120.394,-15.48,27.8,106,-0.247,1.41,1.9,1.72
T0118,2019,3,-133.31,-13.857,27.6,26,-0.393,0.11,1.3,3.83
T0119,2006,4,-124.308,-3.234,25.2,76,-1.163,-0.12,1.5,1.37
T0120,2001,4,-95.54,3.631,22.3,40,-0.917,-0.37,0.8,1.02
T0121,2006,3,-137.936,5.918,25.4,67,0.087,-0.64,1.2,8.32
T0122,2005,3,-138.074,18.483,28.6,103,0.55,0.67,0.7,2.33
T0123,2022,6,-134.864,-5.455,28.3,81,-1.123,-0.86,1.5,5.95
T0124,2000,5,-123.837,7.546,28.3,81,1.314,-0.22,1,3.87
T0125,2016,4,-105.512,7.22,27.9,64,-0.972,-0.22,0.9,5.22
T0126,2015,10,-134.454,-3.085,30.5,109,-0.158,-1.04,1.7,4.5
T0127,2003,6,-91.171,-9.66,25.6,77,-2.338,0.99,1.3,0.85
T0128,2022,1,-125.996,2.672,29,100,-0.45,-0.21,0.7,2.17
T0129,2006,12,-102.61,-14.831,22.1,63,0.598,0.45,0.8,0.66
T0130,2004,9,-98.945,-11.995,29.3,115,-1.146,0.57,0.8,10.08
T0131,2003,8,-137.739,-11.65,31.9,42,-1.371,2.02,0.7,8.99
T0132,2013,2,-102.28,18.223,24.9,54,-0.237,0.92,0.9,1.8
T0133,2014,3,-82.154,-3.821,24.9,55,-0.593,-0.08,1.7,1.67
T0134,2003,9,-117.081,19.361,32.9,83,-1.753,-0.84,1.7,8.04
T0135,2004,4,-94.89,-13.307,29.9,53,0.634,1.28,1.1,13.56
T0136,2002,1,-93.03,16.329,26.8,66,-0.038,0.15,1.5,5.74
T0137,2008,7,-123.192,-14.047,25,42,-0.647,-1.26,1.9,4.22
T0138,2015,9,-100.288,17.916,26.6,106,-0.33,-0.03,1.5,1.86
T0139,2018,2,-106.781,4.388,27.7,49,0.422,1.8,0.9,1.83
T0140,2005,8,-80.585,-10.367,26.5,44,-0.871,0.27,1.9,4.12
T0141,2018,8,-136.112,19.412,29.7,74,0.167,0.3,0.7,16.2
T0142,2002,9,-89.728,-4.804,27.3,56,-0.369,0.42,1.6,0.89
T0143,2018,3,-95.075,-1.049,28.3,87,-0.698,1.07,1.5,4.7
T0144,2009,10,-131.372,-9.978,28.3,46,-0.455,-1.13,1.7,6.02
T0145,2001,11,-112.442,10.277,26.8,69,-1.003,-0.93,2,2.32
T0146,2002,3,-120.717,-11.468,27.7,105,0.238,-0.79,1.3,6.88
T0147,2017,9,-132.299,-6.646,27.4,73,-1.132,-0.55,0.5,1.96
T0148,2014,3,-135.014,15.475,27.3,39,-0.368,0.24,1.7,7.55
T0149,2014,10,-124.794,-10.657,30.8,81,0.502,0.72,1.2,2.64
T0150,2017,1,-134.906,6.96,25.6,87,-0.258,0.51,1.2,0.46
T0151,2008,2,-137.845,-12.006,36.2,65,-0.236,1.29,2,15.5
T0152,2010,6,-106.323,-5.066,30.7,106,-0.858,-0.03,0.7,4.55
T0153,2012,3,-111.314,9.144,27.5,74,-1.934,-0.53,1.3,1.19
T0154,2010,8,-81.62,10.159,25.3,75,-0.418,-0.15,1.4,0.48
T0155,2011,9,-112.205,-2.125,29.2,112,0.517,0.68,1.3,1.06
T0156,2007,4,-136.31,-0.041,25.7,74,-2.2,-0.93,0.9,2.93
T0157,2014,7,-101.697,5.201,31,97,0.21,0.09,0.6,5.47
T0158,2014,1,-84.465,0.582,27.1,79,-1.331,0.5,1.6,0.3
T0159,2015,4,-100.083,-4.148,26,95,-0.888,-0.32,1.3,4.04
T0160,2005,12,-92.768,0.899,28,95,-0.936,-0.14,1.1,1.16
T0161,2008,4,-113.746,10.335,27,70,-1.073,-0.33,1.9,1.21
T0162,2022,1,-129.414,16.327,27.8,133,-0.217,-0.64,1.7,1.72
T0163,2008,9,-100.692,-11.116,28.9,71,-0.465,1.1,1.1,2.66
T0164,2019,1,-93.655,7.862,31.8,52,-0.299,-0.53,1,7.57
T0165,2015,8,-102.815,-17.993,27.8,67,0.325,-1.62,1.2,8.11
T0166,2011,11,-95.82,7.894,27.9,74,-1.24,0.16,1.6,1.38
T0167,2000,10,-130.074,-15.342,30.1,96,-0.564,1.69,1.5,2.76
T0168,2022,10,-108.918,-17.549,23.3,97,-0.694,0.03,0.7,0.54
T0169,2006,8,-132.216,-19.127,26.6,58,-1.691,0.94,1.6,2.3
T0170,2016,2,-107.987,18.024,25.4,102,-0.183,0.6,1.9,1.72
T0171,2015,9,-132.092,16.038,27.4,68,-0.525,0.21,0.9,5.38
T0172,2019,2,-93.64,13.239,27.6,100,-0.061,0.48,1.6,4.44
T0173,2018,4,-100.329,-18.934,26.8,98,-0.429,-0.33,1.9,2.8
T0174,2002,7,-137.263,19.237,24.6,105,0.487,-0.81,1.2,2.1
T0175,2004,2,-87.465,-6.826,28,82,0.499,1.15,0.6,2.21
T0176,2013,11,-104.564,14.369,25.1,89,-0.569,0.97,1.1,0.8
T0177,2013,7,-86.111,1.658,22,96,-1.405,0.76,1.2,0.88
T0178,2018,5,-81.608,-3.921,28.2,80,-1.282,-0.37,0.8,4.81
T0179,2015,10,-91.645,-18.711,35.1,81,-1.126,0.42,1.9,10.54
T0180,2019,1,-99.774,1.519,26.5,70,-0.806,1.01,1.5,0.84
T0181,2002,1,-112.985,-0.106,29.1,91,-1.133,-0.57,0.6,3.44
T0182,2021,3,-114.33,14.441,27.2,48,-0.559,-0.05,1.5,2.29
T0183,2019,3,-93.611,-12.192,27.4,88,-1.17,-0.74,1,1.2
T0184,2002,11,-114.124,-12.453,21.9,115,-0.337,-0.96,1.1,0.35
T0185,2012,8,-122.085,-18.64,19.8,106,0.042,0.15,1.5,0.13
T0186,2008,4,-118.61,19.09,23.3,55,0.659,0.49,1.5,3.46
T0187,2000,11,-89.422,-4.145,30.7,69,-0.62,0.66,2,2.62
T0188,2009,4,-107.883,17.642,26.4,67,-0.646,-0.04,1.9,5.38
T0189,2022,2,-106.2,-5.902,25.3,48,0.799,-0.55,0.8,0.85
T0190,2014,4,-124.286,-5.972,27.6,121,-0.828,0.21,1.1,2.27
T0191,2013,10,-111.623,6.061,27.9,113,1.118,-0.74,1.2,1.73
T0192,2021,8,-115.579,-9.384,28.2,97,-1.107,0.19,1.7,2.95
T0193,2005,10,-92.904,-16.708,27.6,70,-0.454,-0.66,0.8,10.05
T0194,2001,1,-115.307,-1.651,28.5,128,-1.237,2,1.5,1.23
T0195,2012,1,-108.018,8.756,27.2,49,0.366,-1.3,1.4,12.65
T0196,2019,12,-127.726,4.87,29.9,112,-0.107,0.59,1.2,1.7
T0197,2013,5,-116.845,19.416,27.7,49,-0.869,0.16,0.6,2.62
T0198,2009,2,-83.733,12.817,26.1,66,-0.135,-0.9,0.7,2.4
T0199,2014,11,-113.272,-16.592,25.6,97,0.229,1.16,1.8,0.87
T0200,2022,4,-111.351,-7.994,31.6,91,0.206,-0.56,0.6,3.88
T0201,2009,11,-94.981,-1.805,23.8,6,-1.216,-0.52,0.9,0.81
T0202,2015,12,-84.831,-3.729,27.2,46,0.262,-0.1,0.9,4
T0203,2013,4,-95.36,8.736,24.7,65,-1.143,1.53,0.7,0.5
T0204,2008,7,-83.698,-19.352,28.5,95,-0.18,-1.4,1.5,5.35
T0205,2007,1,-130.974,11.961,22.4,65,-1.06,0.5,1.7,0.88
T0206,2007,5,-82.106,17.674,26.2,53,-0.08,0.38,1.2,1.22
T0207,2014,6,-102.355,15.338,30.5,109,-1.091,-0.25,1.1,3.59
T0208,2013,1,-134.293,17.969,31.1,79,-0.444,-1.16,0.7,7
T0209,2000,10,-92.252,3.405,25.1,110,-0.649,0.49,1.7,2.36
T0210,2010,3,-134.908,-15.279,30.8,82,1.093,0.22,0.6,3.2
T0211,2010,3,-108.665,17.722,24.2,37,-0.58,1.15,2,1.22
T0212,2008,6,-103.528,19.684,29.2,110,-0.332,0.18,1.7,2.85
T0213,2018,10,-114.878,-10.345,32.6,46,0.297,1.29,1.7,10.29
T0214,2003,10,-85.169,-13.41,29.9,126,-1.516,-1.82,1.1,3.76
T0215,2002,1,-139.927,-10.538,28.9,87,-0.224,0.98,1.4,1.72
T0216,2010,8,-84.833,9.07,31.7,92,-0.23,0.06,1.2,2.24
T0217,2020,5,-126.497,-14.691,25.8,28,-0.61,0.44,1.1,3.14
T0218,2021,11,-99.663,-8.687,29.3,80,-1.737,-1,0.9,6.68
T0219,2015,4,-108.842,16.086,24.4,94,-1.616,1.41,1.6,0.84
T0220,2022,2,-109.664,3.167,31.4,48,-1.83,-1.74,0.9,23.43
T0221,2000,8,-113.836,-3.464,25.1,126,-0.652,-1.04,1.7,1.64
T0222,2013,3,-113.664,5.285,27.8,95,-0.385,1.02,1.6,4.54
T0223,2001,6,-83.487,5.015,26.8,64,0.302,-1.74,1.2,1.73
T0224,2012,1,-87.375,14.378,27.2,63,0.049,0.25,0.7,7.56
T0225,2004,3,-111.117,0.434,23.4,88,-1.495,0.12,1.4,1.12
T0226,2010,6,-109.867,-9.976,22.3,60,-0.131,1.1,0.7,3.56
T0227,2017,5,-139.09,-13.258,28.6,78,0.395,-0.14,1,3.34
T0228,2009,7,-121.867,11.65,29.2,106,-0.12,-0.52,1.6,16.79
T0229,2019,3,-138.494,-12.448,25.1,51,0.039,-0.37,0.9,5.1
T0230,2017,4,-131.654,3.98,26.2,96,-0.332,-0.54,1.6,2.17
T0231,2014,7,-86.813,5.164,27.7,44,-1.004,1.22,1.1,4.91
T0232,2011,6,-127.741,-12.406,27.2,81,-1.225,-1.05,0.7,3.23
T0233,2006,12,-115.086,-17.543,27.3,76,0.086,-0.37,0.9,0.94
T0234,2001,9,-134.913,13.163,28.7,51,-0.489,0.92,1.5,3.41
T0235,2002,12,-116.672,-18.462,24.8,66,-1.458,0.51,0.8,0.63
T0236,2020,11,-116.939,-15.846,25.1,76,-0.413,-0.53,0.5,1.8
T0237,2019,4,-109.978,16.044,27.7,83,-0.255,-0.02,1.3,1.6
T0238,2010,4,-100.646,-5.557,28,114,-0.87,0.63,1.2,0.94
T0239,2019,12,-132.315,-2.184,27.6,41,0.396,-0.64,1.8,6.01
T0240,2000,7,-105.506,-18.985,30.1,51,-1.959,0.11,1.7,1.1
T0241,2001,4,-138.443,0.923,27.1,120,-0.264,-0.82,1.6,1.53
T0242,2002,6,-128.439,18.83,23.1,43,-0.143,-1.12,0.5,0.5
T0243,2006,2,-99.702,-4.179,27.9,43,-0.022,0,1.2,2.72
T0244,2007,11,-113.191,-9.507,28.3,58,-1.105,-1.18,0.7,10.91
T0245,2018,5,-98.119,9.972,25.9,70,-0.271,-0.66,1.4,3.2
T0246,2005,1,-133.124,11.272,27.4,64,-0.168,-0.2,1.4,7.17
T0247,2001,5,-101.517,3.594,26.9,124,-1.076,-0.5,2,1.46
T0248,2003,11,-111.375,8.564,26.6,46,-1.42,-1.1,1.1,1.12
T0249,2012,9,-95.323,-16.347,28.2,99,0.698,2.25,1.8,3.08
T0250,2005,7,-89.882,7.467,30,71,-0.675,-0.2,0.5,13.68
T0251,2016,8,-133.801,17.076,24.5,128,-0.638,-0.02,2,0.33
T0252,2022,7,-136.537,1.807,21.3,56,-0.627,0.33,1.5,0.41
T0253,2018,3,-127.347,17.566,25.5,59,0.304,-0.51,1.6,7.38
T0254,2011,8,-93.747,7.359,29.9,117,0.301,0.44,0.8,6.43
T0255,2004,3,-86.664,-17.041,25.5,92,-0.11,0.27,1.8,2.83
T0256,2002,1,-108.199,-17.255,25.9,73,-1.281,-0.32,1.2,2.46
T0257,2004,12,-122.049,2.468,29.6,16,-0.386,-0.07,0.6,9.36
T0258,2005,6,-119.654,19.378,31.2,59,-0.397,2.17,2,3.51
T0259,2007,4,-115.701,-16.909,31.6,43,0.755,-1.16,1.5,10.92
T0260,2007,7,-97.215,-10.575,27.9,113,-0.771,0.05,1.8,3.26
T0261,2022,7,-89.913,-16.064,34.1,20,0.016,1.71,1,28.2
T0262,2005,4,-87.442,-4.106,25.2,112,-1.055,0.86,0.9,1.62
T0263,2004,12,-119.961,16.302,26.4,77,-1.255,-0.07,0.9,1.8
T0264,2008,2,-130.704,-14.356,34.2,65,1.13,0.2,1.9,3.11
T0265,2002,1,-132.324,-2.365,27,50,0.4,-0.9,0.9,4.91
T0266,2015,3,-87.901,-17.526,28,112,0.813,-1.06,1.3,2.69
T0267,2015,3,-119.488,-11.175,29.5,45,-0.895,-0.17,0.5,6.16
T0268,2016,10,-133.794,3.42,25.2,84,0.274,-0.28,1,1.13
T0269,2005,2,-128.579,18.888,29,125,-0.596,0.19,0.5,3.06
T0270,2000,6,-90.175,-6.45,27,55,-1.07,0.61,1.8,6.03
T0271,2014,2,-115.178,-4.875,26.2,98,-0.737,-0.04,1.6,2.4
T0272,2007,3,-109.538,-12.82,30.4,63,-0.857,0.87,1,2.47
T0273,2021,2,-114.014,-16.592,28.2,68,-2.374,-1.77,1.7,5.33
T0274,2010,12,-82.52,13.839,29.3,99,-0.252,-0,0.8,4.53
T0275,2018,12,-81.129,-3.269,33.7,115,0.007,0.19,1,3.77
T0276,2007,2,-129.07,14.915,27,37,0.081,0.49,1.6,4.09
T0277,2004,10,-89.326,16.211,26.4,59,-0.659,1.12,1.8,1.68
T0278,2005,5,-86.437,-9.979,25.8,64,-0.574,-0.05,1.6,1.61
T0279,2005,1,-120.986,0.316,26.7,126,0.084,-0.34,1.1,2.24
T0280,2020,2,-110.367,-7.713,28.8,74,-0.715,-1.35,1.1,7.56
T0281,2003,7,-128.541,4.616,23.9,70,0.712,0.35,0.5,3.5
T0282,2003,11,-118.148,-15.04,27,88,-0.235,0.03,1.1,2.22
T0283,2013,8,-82.458,-5.568,29.1,72,-0.781,0.41,1.3,4.35
T0284,2008,12,-127.362,14.456,32,93,-0.472,-0.68,0.8,11.56
T0285,2020,12,-132.361,-0.479,29,69,-0.862,-0.72,1.2,1.39
T0286,2013,6,-133.935,13.079,29.8,45,0.671,1.08,1.1,2.14
T0287,2015,8,-108.879,6.464,26.8,76,-1.522,0.56,1.8,0.43
T0288,2011,6,-93.904,3.089,25.6,81,0.128,-0.71,1.2,1.71
T0289,2000,11,-101.998,3.296,28.1,55,0.549,-0.34,0.9,5.49
T0290,2002,4,-119.859,1.303,29.1,101,-2.401,-0.65,1.5,1.85
T0291,2014,1,-126.185,13.741,27.7,65,-0.333,-1.05,0.7,6.26
T0292,2004,4,-86.407,0.365,28.4,95,-1.297,0.13,1,1.65
T0293,2000,1,-136.567,-17.793,31.6,106,-1.163,-0.63,1.7,26.32
T0294,2015,5,-99.365,1.354,27.9,54,0.327,-1.1,1.5,10.46
T0295,2014,1,-117.649,-15.056,22.6,96,0.189,1.84,0.6,0.83
T0296,2017,3,-82.495,2.853,25.9,118,-0.024,-0.08,1.1,4.93
T0297,2015,9,-102.8,-18.491,30,86,0.341,-0.92,1.9,7.63
T0298,2018,11,-96.667,0.001,31,95,-0.735,1.47,0.9,6.59
T0299,2019,3,-121.758,-19.013,32.2,83,-0.443,-0.79,0.9,6.38
T0300,2011,9,-134.607,10.1,28.1,109,-1.469,0.43,1.6,1.25
T0301,2018,8,-84.444,17.294,27.8,117,0.396,1.35,1.9,1.27
T0302,2001,9,-108.036,-17.43,29,113,0.598,1.47,1.2,0.57
T0303,2020,1,-81.75,-2.403,23.9,83,-1.19,-0.87,1.1,0.71
T0304,2002,3,-80.058,-18.394,27.4,96,-0.566,0.38,1.3,3.12
T0305,2018,12,-124.212,9.036,25.9,93,-0.933,0.49,0.8,2.18
T0306,2003,1,-97.003,16.307,31.3,75,-1.117,-0.42,1.1,1.82
T0307,2008,3,-107.8,-5.405,27.3,81,0.948,0.17,1.6,1.95
T0308,2006,3,-134.073,19,27.3,64,-0.521,-0.94,1.4,4.74
T0309,2012,4,-88.646,-14.128,30.3,43,0.221,1.22,1.4,2.83
T0310,2022,10,-96.489,-10.81,24.7,65,-1.349,1.26,1.2,0.33
T0311,2007,9,-105.623,-3.342,23.6,109,-0.657,-0.29,1.8,2.59
T0312,2019,8,-92.67,8.67,30.5,49,-0.362,-1.34,2,13.67
T0313,2005,12,-105.255,-8.726,28,96,-0.802,0.81,1.3,1.98
T0314,2003,6,-122.697,8.404,26,59,1.087,0.09,0.9,0.36
T0315,2017,10,-112.565,6.922,28.2,58,-1.661,-0.44,0.7,4.8
T0316,2011,8,-95.012,-6.059,34.6,106,0.997,0.56,1.1,3.09
T0317,2015,3,-86.099,14.868,29.1,74,0.018,-1.09,1.5,4.69
T0318,2017,6,-92.257,4.075,26.8,110,-0.482,-0.18,1.7,4.62
T0319,2000,4,-80.013,-4.256,29.2,89,-1.343,-0.5,0.7,2.68
T0320,2019,3,-118.323,2.285,25.8,61,-0.791,-1.46,1.2,2.13
T0321,2011,9,-92.605,7.328,34,91,-2.227,-0.09,1,2.77
T0322,2015,2,-115.246,16.112,30.6,49,-1.596,1.02,1.2,11.58
T0323,2006,7,-123.699,18.86,26.9,70,-0.496,-1.26,1.1,2.4
T0324,2005,5,-83.415,-7.44,27.7,77,-0.384,0.91,1,1.02
T0325,2017,12,-109.829,16.023,27.2,101,-1.502,0.66,1.6,1.43
T0326,2001,10,-112.366,18.223,27.7,81,-0.362,0.11,1.6,1.83
T0327,2017,12,-110.745,17.398,28.6,86,-1.045,-1.74,1.8,3.43
T0328,2016,10,-103.92,13.661,33.5,87,0.243,0.51,1.3,3.77
T0329,2021,2,-99.482,-5.659,24.7,111,-0.575,-0.42,1.4,0.57
T0330,2000,11,-104.183,-8.734,24.5,116,0.268,-0.85,0.9,2.31
T0331,2007,1,-134.329,-13.836,32.7,66,0.024,-0.29,1.8,11.73
T0332,2008,12,-119.304,9.882,28.3,115,-0.36,-0.48,0.8,5.59
T0333,2021,11,-99.109,5.501,28.2,50,-1.438,-0.51,0.6,7
T0334,2020,9,-96.069,10.925,29.4,82,-0.664,1.2,0.6,2.48
T0335,2007,12,-99.126,16.578,30,64,0.583,0.26,0.8,11.7
T0336,2004,3,-113.739,-6.298,30.3,114,0.162,-0.92,1.2,10.24
T0337,2014,1,-110.685,-1.876,27.7,97,-1.12,0.17,0.9,3.98
T0338,2002,1,-118.521,-17.373,27.1,81,-0.908,0.94,0.6,6.11
T0339,2008,3,-126.776,0.283,28.9,42,-0.477,1.5,1.4,3.73
T0340,2011,5,-131.794,9.04,22.5,85,-0.358,-0.36,2,0.96
T0341,2014,3,-135.105,-12.358,28,87,-0.829,-1.52,0.9,4.65
T0342,2006,12,-93.102,-3.641,27.7,26,-0.127,-0.31,1.4,3.3
T0343,2011,2,-115.848,2.151,28.2,59,-1.253,-0.79,1.1,3.1
T0344,2007,5,-107.548,-5.121,28.4,95,-0.211,0.86,1.2,14
T0345,2010,5,-114.174,-6.483,27.6,81,-0.178,-1.31,1.3,4.68
T0346,2013,7,-138.93,17.002,29.1,46,-0.851,-0.48,1.1,8.76
T0347,2022,5,-111.387,1.808,30,91,-1.017,-0.46,2,6.15
T0348,2020,7,-100.127,-11.814,29.1,81,-1.113,-0.39,0.5,2.72
T0349,2020,9,-99.676,2.255,27.8,69,-0.34,1.45,1.5,6.33
T0350,2011,1,-133.981,4.821,28.2,56,0.177,1.67,1.8,4.68
T0351,2009,2,-88.183,0.656,27.6,73,-1.021,-0.77,1.6,2.61
T0352,2022,5,-111.924,-15.667,27,62,-0.394,-0.69,0.5,18.46
T0353,2020,9,-137.069,2.048,29.4,56,0.832,-0.59,1.2,3.27
T0354,2007,10,-135.732,2.299,26.3,9,-0.436,0.2,1.7,1.37
T0355,2000,3,-100.272,7.771,30.1,113,-1.524,1.04,1.7,4.9
T0356,2013,1,-135.947,7.002,29.7,18,-0.439,0.34,1.8,11.73
T0357,2007,9,-111.528,-13.437,23.3,61,-1.148,-0.23,1.4,0.25
T0358,2000,12,-84.882,-19.039,28,99,-1.214,1.88,0.5,1.77
T0359,2014,2,-86.988,9.17,30.4,72,-0.404,-1.2,0.6,5.12
T0360,2008,2,-131.48,-1.201,31.2,82,1.189,-0.06,1,22.15
T0361,2005,12,-103.528,11.81,27.1,79,-0.11,-0.89,0.8,3.94
T0362,2004,6,-126.564,4.819,25.3,74,-1.543,-0.42,1.1,1.21
T0363,2022,3,-120.942,-5.812,25.8,68,-0.831,0.41,1.8,3.88
T0364,2021,3,-136.845,-6.608,23.3,58,-0.223,-1.04,1.7,2.75
T0365,2002,4,-107.74,-2.789,28.1,78,0.002,-0.94,1.5,11.58
T0366,2015,9,-101.693,13.544,26.5,63,-0.429,1.03,0.8,1.35
T0367,2022,9,-95.667,6.556,30.8,90,-1.122,1.42,1.2,2.89
T0368,2004,9,-131.643,-14.568,31.4,125,-1.513,1.18,0.7,2.39
T0369,2019,9,-135.161,-3.622,30.8,94,-0.61,-0.56,1.3,1.89
T0370,2022,7,-117.24,-3.992,26.3,72,-0.264,0.1,0.8,5.85
T0371,2013,2,-102.329,-16.364,30.4,110,-2.317,-1.02,1.3,4.49
T0372,2003,2,-86.993,-13.508,27.6,63,-1.345,1.28,1.6,3.35
T0373,2013,4,-82.248,0.387,23.2,90,-0.008,1.77,0.9,1.78
T0374,2008,11,-120.208,-18.931,26.8,59,-0.707,1,1.5,5.24
T0375,2017,9,-136.017,-18.959,26,111,0.741,0.79,1,0.72
T0376,2017,4,-124.1,-17.984,28.3,119,-2.284,0.4,1.3,2.31
T0377,2021,7,-107.026,7.112,25.3,66,-0.776,0.05,1.9,2.38
T0378,2008,3,-89.013,-12.618,31.9,45,-0.825,-1.4,0.5,9.42
T0379,2011,1,-133.941,-15.058,29.3,118,-0.075,-0.75,1.7,5.36
T0380,2015,10,-94.367,3.247,32.1,43,-0.171,-1.41,1.1,7.69
T0381,2007,11,-84.243,-3.232,23.3,60,-0.739,-0.87,0.8,1.46
T0382,2017,3,-116.812,3.445,25.1,101,-0.174,0.56,1.6,2.88
T0383,2019,11,-122.733,-5.376,28.4,81,0.163,-0.29,0.7,2.17
T0384,2006,10,-95.848,-8.223,31,73,1.026,-1.2,0.9,3.78
T0385,2019,3,-133.356,15.381,28.6,90,-0.414,-0.17,1.9,4.2
T0386,2004,3,-115.667,0.132,27.3,70,0.507,0.98,1.8,0.68
T0387,2009,4,-102.386,-17.455,26.8,91,-1.055,-0.13,1.1,2.54
T0388,2004,7,-115.312,10.602,28.6,105,0.281,0.43,1,2.15
T0389,2005,10,-115.447,10.703,24.4,99,-0.492,-0.62,0.6,1.91
T0390,2021,3,-84.904,-12.2,29.7,91,-0.817,1.58,1.7,1.44
T0391,2008,5,-86.742,14.514,27.4,94,-0.681,-0.08,1,3.84
T0392,2003,10,-137.566,10.716,26,80,-0.811,0.47,0.6,1.05
T0393,2006,10,-120.189,-4.055,24.3,57,0.071,0.72,1,1.39
T0394,2021,12,-90.822,10.24,30.7,90,-0.164,1.66,0.5,5.11
T0395,2008,5,-97.178,19.255,28,99,-1.873,-2.63,1.1,7.84
T0396,2001,7,-137.31,-11.622,26.2,32,-1.01,-1.71,0.6,3.63
T0397,2020,2,-128.082,9.263,22.5,59,0.492,-0.08,1.5,0.71
T0398,2008,3,-112.631,13.536,28.7,66,-0.938,-0.96,1.6,5.13
T0399,2022,10,-128.783,-8.565,30.5,79,-1.497,-0.37,1.8,1.54
T0400,2011,2,-135.586,8.547,22.5,105,0.105,0.05,0.8,0.68
T0401,2010,8,-125.064,-18.403,26.6,102,-0.884,-0.34,1.7,3.49
T0402,2020,3,-129.17,17.155,28.8,118,0.117,0.83,1.8,1.41
T0403,2002,11,-130.751,-16.088,31.4,77,-0.115,1.55,1.2,2.37
T0404,2010,4,-130.491,9.404,25.5,89,-0.619,-0.84,1.2,3.05
T0405,2021,12,-132.665,-10.284,30,97,1.012,-0.1,1.8,3.34
T0406,2019,2,-123.61,19.988,29,64,-0.092,0.7,0.7,10.86
T0407,2002,10,-94.603,-18.827,31.4,90,-1.302,-1.44,1.5,6.44
T0408,2017,4,-81.603,18.586,26.1,56,0.689,0.3,1.7,0.7
T0409,2014,8,-138.351,-7.743,29.6,81,-0.485,0.14,1.1,3
T0410,2021,8,-83.376,13.065,30.2,123,-0.574,0.03,1.5,1.7
T0411,2022,2,-106.394,-13.388,27.6,94,0.595,-0.59,0.6,2.81
T0412,2002,2,-117.771,-7.781,29.1,40,-0.532,0.34,1.2,8.6
T0413,2014,9,-118.507,-13.265,21.1,100,-0.974,1.4,1.4,0.33
T0414,2000,11,-81.52,1.919,28,100,-0.473,-0.86,0.7,5.66
T0415,2005,5,-139.002,-10.779,28.6,76,-0.372,-1.9,0.9,3
T0416,2019,8,-81.067,-14.511,27.5,54,-0.432,0.05,1.9,3.35
T0417,2008,9,-133.714,9.136,23.6,73,-1.712,0.95,1.5,0.85
T0418,2013,4,-136.789,-3.111,29.5,81,-1.134,0.14,1.3,3.26
T0419,2002,6,-96.989,14.453,24.4,83,-1.272,0.1,0.6,0.54
T0420,2010,3,-107.044,12.127,28.8,30,-0.418,0.65,1.5,7.92
T0421,2015,8,-129.416,14.291,30.6,60,-1,0,1.1,2.1
T0422,2012,7,-87.283,-17.997,23.6,140,-1.844,-0.8,0.9,0.24
T0423,2002,1,-136.355,-11.006,28.5,94,0.185,1.03,0.6,2.65
T0424,2017,2,-137.073,19.495,27.4,84,0.369,-0.95,1.7,7.16
T0425,2022,10,-119.963,18.274,30.6,107,-1.242,-0.66,1,4.61
T0426,2009,9,-90.904,12.421,29.8,106,0.003,1.57,1.8,3.03
T0427,2017,2,-98.655,13.725,29.9,92,-0.501,0.21,1.1,7.2
T0428,2006,9,-102.789,16.816,27.1,129,1.177,0.37,1.1,3.82
T0429,2001,12,-95.767,-16.826,27.3,81,-1.035,-0.25,0.8,0.68
T0430,2017,2,-125.306,-14.41,25.4,71,-0.472,0.74,1.7,5.87
T0431,2018,7,-132.318,0.212,24,93,0.017,1.87,1.8,1.17
T0432,2015,12,-111.522,16.229,29.4,83,-0.073,2.42,1.9,1.26
T0433,2022,11,-106.046,11.148,29.7,51,-0.131,0.22,0.8,5.43
T0434,2006,2,-126.054,-8.263,25.1,85,-0.964,-2.45,1.8,8.36
T0435,2015,7,-105.721,4.624,26.4,63,-1.6,-0.3,0.7,3.71
T0436,2005,3,-82.203,2.519,26.8,74,-0.002,-0.9,1.5,9.41
T0437,2002,11,-99.682,-19.087,33,108,-0.263,0.5,1.5,9.72
T0438,2014,6,-93.444,15.961,27.3,100,0.148,1.82,1.2,3.28
T0439,2010,3,-92.044,-16.516,24.8,101,0.124,-0.77,0.5,2.68
T0440,2005,9,-96.45,16.137,34.6,107,-1.428,-0.64,1.9,18.9
T0441,2021,11,-124.712,-12.166,24.9,46,-0.236,-0.9,1.3,1.55
T0442,2006,10,-132.51,-7.191,34.6,99,0.351,0.82,1.9,22.51
T0443,2012,11,-94.923,4.009,27.7,77,-1.267,1.02,0.6,0.79
T0444,2005,6,-100.984,7.448,27.7,132,-0.209,-0.8,1.7,3.81
T0445,2017,11,-107.123,-13.988,26.4,124,0.117,-1.04,1.5,3.24
T0446,2007,11,-137.091,11.853,26.5,94,-0.862,0.85,0.9,3.45
T0447,2010,11,-107.585,1.178,25.9,105,0.473,0.31,1.7,2.14
T0448,2014,9,-119.633,7.969,26.7,31,-0.901,-0.34,0.7,2.18
T0449,2008,10,-89.221,-15.039,29.2,72,-0.617,0.26,0.8,3.09
T0450,2006,2,-89.827,9.555,27.9,79,0.595,0.71,1.5,4.54
T0451,2015,12,-124.469,-5.614,31,87,0.749,-0.32,0.8,13.91
T0452,2000,3,-133.276,-5.1,30.1,107,-0.452,0.92,1.9,3.23
T0453,2005,3,-96.182,-4.835,23.1,75,-0.085,-0.18,1.7,1.3
T0454,2006,10,-112.958,18.347,29.8,85,0.556,-0.14,0.7,10.68
T0455,2011,11,-96.099,0.104,31.6,64,-1.166,0.83,1.9,4.05
T0456,2008,2,-85.949,-7.263,27.7,95,-0.674,0.35,1.2,3.34
T0457,2016,1,-132.091,18.579,28.8,64,-0.534,-0.3,1.1,6.49
T0458,2014,5,-81.661,9.722,31.4,73,-0.754,-0.44,1.2,5.37
T0459,2007,9,-110.196,-11.586,32,22,-0.056,-0.88,1.2,11.97
T0460,2001,5,-130.953,-19.658,27.7,20,-0.017,-0.96,1.9,2.27
T0461,2004,4,-94.003,0.455,29.5,83,-2.982,0.67,1.6,2.95
T0462,2021,4,-97.214,5.578,28,88,-0.807,1.39,1.4,1.01
T0463,2001,7,-95.912,-18.956,26.9,75,-0.122,-0.08,1.8,1.56
T0464,2008,10,-113.375,16.201,25.4,35,-0.866,1.86,0.8,1.5
T0465,2019,2,-119.059,-2.889,22.6,100,-2.535,0.73,0.6,0.17
T0466,2022,3,-84.814,-10.913,29.1,34,0.178,-0.53,1.2,8.66
T0467,2006,11,-90.985,1.532,27.8,84,-0.074,-1.22,0.9,2.26
T0468,2021,5,-82.741,-3.453,32.6,83,-0.443,0.31,1.1,5.5
T0469,2010,1,-87.486,19.857,33.1,51,-1.083,0.11,1.2,6
T0470,2005,9,-134.977,-3.126,32.8,106,-1.298,0.23,2,2.05
T0471,2018,11,-118.801,14.713,30.5,114,-0.848,2.54,1.5,2.7
T0472,2007,4,-125.351,-1.235,28,54,-0.121,-0.77,1.9,12.27
T0473,2016,9,-123.427,-11.486,25.1,92,-0.418,-0.19,1.8,1.7
T0474,2017,1,-92.675,5.014,28.4,58,-0.921,-1.56,1.7,11.59
T0475,2000,6,-117.908,13.287,30,44,-1.048,-1.1,0.7,11.81
T0476,2011,4,-81.9,15.572,21.7,98,-0.243,0.82,1.6,0.49
T0477,2008,6,-90.188,19.199,25.8,84,-0.644,0.39,1,1.46
T0478,2019,10,-113.555,18.838,30.2,35,-0.571,0.22,1,4.43
T0479,2022,12,-88.802,11.188,24.1,57,0.607,-0.95,0.9,3.23
T0480,2011,6,-136.894,13.27,31.4,77,-0.973,-0.31,1.2,9.11
T0481,2017,12,-87.354,-4.932,30,89,-0.938,1.27,0.5,2.46
T0482,2001,8,-80.757,-3.307,23,26,-1.091,0.89,1.6,0.94
T0483,2005,9,-82.686,-19.125,33.9,87,0.336,-0.21,0.9,9.77
T0484,2012,11,-114.664,-5.39,24.1,72,-1.068,-1.43,1.2,0.38
T0485,2020,9,-82.85,17.26,28.4,71,-0.419,-0.75,1.5,3.39
T0486,2015,3,-86.253,-15.771,32.2,57,-0.412,0.12,1.3,11.49
T0487,2013,6,-124.118,7.957,30.1,42,-0.725,-0.73,1.2,1.81
T0488,2004,10,-93.452,1.743,27.3,115,0.935,-0.49,1.3,1.04
T0489,2001,5,-105.57,-10.384,34.5,77,-2.732,-0.64,1.5,4.73
T0490,2019,11,-135.036,-11.504,25.7,59,-0.951,0.88,1.7,1.36
T0491,2015,8,-86.675,-0.696,31.1,56,-0.323,-0.18,1.6,2.61
T0492,2006,6,-129.799,-7.366,24.8,80,-1.777,0.32,1.8,0.78
T0493,2006,9,-136.472,-14.862,27.9,78,-0.554,0.61,0.8,2.2
T0494,2012,11,-82.34,19.487,28.9,114,0.109,0.94,0.5,2.84
T0495,2008,8,-121.736,-8.01,27,108,-1.061,-0.44,1.5,1.75
T0496,2017,11,-106.182,-18.996,25.3,96,-0.089,0.7,0.7,1.31
T0497,2005,10,-118.15,-0.856,30.7,117,-2.006,-0,1.3,3.69
T0498,2011,5,-98.603,-5.648,27.6,122,1.159,0.98,1.4,2.06
T0499,2018,4,-81.366,-11.855,21.3,88,-0.402,0.79,1.6,0.76
T0500,2008,11,-130.072,1.179,28,90,1.041,0.69,0.7,3.47
T0501,2015,12,-81.54,14.76,27.5,88,-0.944,0.41,0.8,1.05
T0502,2005,2,-81.118,-16.158,26.5,80,-1.569,-0.38,0.9,1.49
T0503,2015,9,-134.329,-5.287,28.9,68,0.885,0.13,0.9,2.77
T0504,2021,6,-122.552,-7.838,28.4,59,0.04,-0.16,1,5.93
T0505,2007,3,-86.743,-0.29,30,119,-0.763,-0.26,0.9,4.45
T0506,2011,4,-116.812,-13.486,34.1,98,-0.082,-0.49,0.9,11.46
T0507,2001,6,-115.134,-2.312,29.6,65,0.385,-0.32,1.9,1.65
T0508,2011,4,-131.242,7.094,31.5,111,-0.519,0.97,0.8,10.67
T0509,2016,10,-94.648,13.875,25,102,-1.006,-0.51,0.8,2.21
T0510,2004,8,-95.648,3,28.6,98,-0.328,0.27,1.7,5.08
T0511,2004,3,-121.571,-10.252,30.6,68,-0.834,0.62,1,2.63
T0512,2006,12,-129.932,2.54,28.9,71,-0.388,0.47,1.7,2.15
T0513,2017,12,-131.493,19.291,31.4,97,-0.132,1.24,1.7,2.93
T0514,2006,1,-136.984,17.691,28.6,58,-0.88,0.12,1.5,6.91
T0515,2014,9,-83.19,-3.264,23.6,112,-0.666,1.5,1.7,1.22
T0516,2006,4,-112.781,-1.751,27.1,80,-0.399,-1.6,1.4,3.69
T0517,2016,11,-131.554,-15.862,25.6,94,-0.173,0.45,2,1.78
T0518,2006,12,-139.339,-18.813,24.1,70,0.373,-0.27,0.8,0.56
T0519,2007,6,-106.107,11.554,30.5,75,-1.635,-0.19,1.5,1.54
T0520,2020,5,-114.285,-0.686,27.4,70,-1.813,1.9,0.6,0.88
T0521,2016,1,-116.153,7.488,22.5,61,-0.183,1.16,1.4,0.66
T0522,2019,6,-106.546,11.017,26.1,42,-0.444,1.27,1.6,2.39
T0523,2010,8,-124.014,16.579,25.6,93,-0.072,0.31,1,2.34
T0524,2005,3,-81.576,1.531,31.5,69,-0.554,1.27,0.8,4.84
T0525,2007,4,-137.646,-2.88,27.4,48,0.23,-0.99,1.8,4.48
T0526,2020,12,-101.582,6.919,27.8,71,-0.687,-0.02,1.6,2.06
T0527,2005,6,-124.252,8.825,26.8,68,-0.293,-0.32,1.7,3.97
T0528,2005,1,-131.603,15.246,26.9,55,-1.37,-0.55,1.9,2.68
T0529,2014,8,-103.402,-5.165,24.7,81,-1.723,0.34,0.9,0.63
T0530,2004,1,-84.5,-13.966,27.1,49,-1.357,0.4,0.6,1.86
T0531,2009,7,-136.664,14.027,33.1,63,-1.318,0.91,1.8,8.3
T0532,2015,9,-126.713,-13.434,28.1,67,0.01,-0.45,0.9,1.6
T0533,2009,8,-134.948,-8.482,28.3,84,0.24,-0.08,0.7,1.83
T0534,2004,9,-112.194,-9.561,26.2,82,-1.688,-1.75,1.8,3.72
T0535,2005,7,-131.211,3.424,25.4,98,-1.004,-1.8,0.7,4.59
T0536,2019,10,-89.492,-2.463,28.7,116,-0.628,-0.51,1.6,4.18
T0537,2008,8,-120.154,4.258,29.6,64,-0.693,0.23,2,2.7
T0538,2013,3,-108.212,-6.633,29.8,79,-0.77,0.27,0.7,4.67
T0539,2003,10,-83.373,15.1,25.3,106,-0.236,0.7,1.4,1.04
T0540,2019,3,-102.517,8.482,30.3,86,-0.434,0.35,1.1,2.75
T0541,2010,1,-125.747,-5.619,27.1,67,0.35,1.39,0.7,3.32
T0542,2005,3,-90.88,-13.405,29.4,92,-1.012,-0.36,1.7,2.58
T0543,2015,11,-82.029,-10.452,29.1,84,-0.451,0.39,1.2,1.46
T0544,2012,5,-108.171,0.254,26.6,93,-0.91,0.28,1.1,3.09
T0545,2014,6,-82.67,2.363,30.3,83,-1.348,0.8,1,2.65
T0546,2000,7,-137.697,9.365,24.1,39,-1.163,0.07,1.4,1.16
T0547,2013,2,-103.006,-4.383,31.1,60,0.764,-1.37,0.6,22.48
T0548,2003,2,-85.622,4.974,25,19,0.037,-0.74,1.4,1.83
T0549,2021,2,-90.563,8.878,28,81,0.159,0.29,0.7,1.88
T0550,2001,8,-105.293,19.865,26.5,68,0.266,-0.93,0.5,1.19
T0551,2006,4,-99.115,0.876,27.4,97,-1.336,-0.91,0.6,4.97
T0552,2004,10,-125.176,-6.924,31.7,95,0.941,-1.5,0.7,8.11
T0553,2002,7,-135.813,7.401,25.2,98,-0.493,-0.34,0.6,2.12
T0554,2011,6,-126.066,8.573,28.7,87,0.996,-0.62,2,6.85
T0555,2011,5,-133.049,-11.592,28.2,47,-0.605,0.72,1.3,2.95
T0556,2017,2,-88.396,-6.27,30.7,54,-1.272,0.88,1,2.57
T0557,2002,11,-101.736,-1.755,30.9,104,0.29,0.82,1,5.27
T0558,2002,4,-136.232,17.127,28.7,101,-0.776,1.46,1.9,2.9
T0559,2021,1,-91.478,3.115,29.8,81,-1.422,-0.33,1.9,3.19
T0560,2020,3,-97.106,11.525,26.1,124,-0.575,-0.94,1.9,2.05
T0561,2016,6,-84.341,-7.376,29.5,48,-1.279,-1.32,1.9,10.13
T0562,2020,1,-129.258,14.194,26,70,-0.838,0.52,1.3,2.87
T0563,2005,4,-93.502,16.184,29.1,49,-0.472,-0.81,1.1,7.03
T0564,2019,11,-128.806,10.012,29.9,82,-0.595,0.16,0.9,3.64
T0565,2001,2,-135.401,-14.74,29.8,100,-0.435,-1.82,1.1,6.48
T0566,2015,6,-124.615,-17.525,26.2,138,-0.459,0.46,1.4,1.94
T0567,2009,4,-101.454,1.181,25.1,88,-0.451,-0.99,1.1,4.98
T0568,2011,12,-116.699,-14.507,31.2,48,-0.797,1.06,1.9,3.68
T0569,2010,8,-98.127,2.782,27.3,120,-0.823,0.01,1,1.7
T0570,2008,1,-83.362,-9.651,27.7,74,-1.133,1.02,1.7,2.18
T0571,2016,6,-85.944,9.453,31,80,-1.487,-0.52,1.7,4.7
T0572,2009,12,-91.567,4.477,27.3,98,-0.343,-0.42,1.2,5.1
T0573,2001,6,-127.792,-4.461,23.9,83,-0.877,-0.84,0.8,1.07
T0574,2015,3,-126.082,-17.86,25.7,81,-0.486,0.68,1.5,1.35
T0575,2010,9,-99.979,16.798,26.5,50,-1.171,-2.01,0.9,1.54
T0576,2008,3,-101.898,-16.207,25.3,62,0.976,0.8,1.1,0.76
T0577,2008,7,-92.762,-2.163,30,91,-1.074,-0.36,0.9,4.72
T0578,2015,11,-136.498,-19.32,28.4,98,-0.08,0.18,1.3,5.58
T0579,2004,10,-90.947,11.164,22.3,43,0.444,-1.11,1.1,1.81
T0580,2017,1,-123.418,5.842,26.2,107,0.023,-0.11,1.4,2.08
T0581,2012,8,-117.66,10.144,22.9,101,-0.224,1.85,1.1,0.15
T0582,2002,11,-80.505,2.057,26.3,84,-1.404,0.15,1.7,0.31
T0583,2001,2,-135.966,-3.176,24.3,84,-0.093,-0.5,1.3,4.05
T0584,2016,12,-125.431,12.994,28.5,92,0.353,-0.74,1.5,2.05
T0585,2000,3,-107.416,2.192,32.1,83,-1.3,0.77,1,4.69
T0586,2016,7,-115.59,7.057,28.3,64,-1.669,0.28,1.6,3.06
T0587,2021,2,-124.635,-9.113,25.2,54,0.053,-0,1,2.93
T0588,2009,7,-136.971,9.521,25.5,65,-0.068,0.48,1.1,5.18
T0589,2003,8,-131.605,-9.912,23.5,84,0.204,1.12,0.8,0.38
T0590,2004,12,-104.509,-1.657,22.5,80,-1.809,-0.83,1,0.8
T0591,2016,3,-83.588,19.645,27.5,91,-0.208,-0.06,0.5,3.54
T0592,2005,3,-87.344,-12.623,24.1,98,0.008,0.45,1.6,1.23
T0593,2019,5,-87.651,-15.156,26.4,78,0.52,-0.54,0.7,2.7
T0594,2021,2,-90.888,-19.224,26.5,82,-0.553,-0.22,1.6,6.34
T0595,2017,4,-118.341,-7.833,23.6,62,-1.687,1.3,1.5,0.39
T0596,2017,3,-110.676,6.115,30,77,-0.074,0.66,0.9,10.05
T0597,2008,4,-123.738,6.07,23.8,63,0.006,-0.55,0.6,2.64
T0598,2007,10,-130.356,6.308,31.3,86,0.575,0.56,1.3,5.31
T0599,2003,9,-90.068,-15.207,24.4,72,0.533,1.99,0.5,0.75
T0600,2005,10,-112.095,9.918,23.4,54,0.051,0.72,1.7,2.75
T0601,2018,2,-113.182,7.834,28.7,87,-0.366,0.56,1.8,5.5
T0602,2017,6,-100.123,-19.527,26.7,96,-0.253,-1.41,1.9,4.62
T0603,2009,9,-131.414,-7.506,24.9,63,0.71,0.34,1.6,0.36
T0604,2014,10,-139.201,-7.566,24.8,90,-0.609,-0.06,1.9,1.97
T0605,2017,9,-120.88,19.555,23,98,-0.292,-2.26,0.5,1.45
T0606,2008,1,-98.88,-18.866,23,87,-0.617,-0.42,1,0.39
T0607,2002,10,-93.994,-13.286,30.6,99,-0.436,0.08,1.9,5.14
T0608,2009,9,-122.277,0.309,28.8,137,0.961,-0.02,0.7,2.45
T0609,2004,3,-118.592,-17.408,24,55,-0.482,-0.5,1.8,0.91
T0610,2002,9,-87.678,-2.222,25.3,72,-0.652,0.75,0.5,1.18
T0611,2001,8,-138.584,13.034,33.3,74,-1.152,1.52,1.3,3.62
T0612,2004,9,-108.777,-16.517,31.3,70,-0.576,-1.58,0.5,2.63
T0613,2021,7,-135.746,12.402,28.4,59,-0.096,0.7,1.3,2.66
T0614,2005,3,-94.532,7.008,28.7,90,-0.666,0.87,1.1,1.2
T0615,2011,4,-130.4,-4.888,31.8,88,-1.36,-0.53,1.2,6.43
T0616,2002,1,-132.589,-17.975,29.3,57,-0.696,0.49,1.2,2.37
T0617,2007,6,-139.704,-8.045,28.7,76,-0.668,1,1.4,3.72
T0618,2000,12,-82.364,-19.322,26.9,84,-0.132,0.32,0.9,2.32
T0619,2002,7,-123.056,-15.798,24.6,64,-0.658,2,1.5,0.65
T0620,2018,12,-95.646,17.377,31,66,-0.672,0.35,1.5,5.91
T0621,2019,8,-126.689,-8.419,23,109,-1.78,-0.25,1,0.76
T0622,2006,1,-119.073,0.27,28.7,145,0.662,1.86,0.9,1.66
T0623,2010,5,-85.676,7.837,28,94,-0.895,-1.22,0.9,2.27
T0624,2012,1,-122.319,13.17,25.1,78,-1.062,1.62,1.8,2.77
T0625,2014,7,-83.762,-18.419,31.8,99,-0.388,0.08,1,5.08
T0626,2004,10,-119.201,5.358,25.2,115,0.462,-1.14,0.7,1.86
T0627,2002,9,-101.479,8.386,29.5,93,0.182,-0.32,1.4,4.24
T0628,2001,8,-130.252,-15.64,27.7,94,-0.022,0.37,1.6,1.21
T0629,2004,8,-99.758,-10.913,34.4,94,-0.677,1.12,0.8,3.47
T0630,2021,5,-129.431,-1.586,26.8,73,-0.639,-1.11,0.7,13.05
T0631,2014,1,-93.993,2.241,28,58,-0.697,-0.36,1.8,4.73
T0632,2005,3,-104.924,1.404,29.5,111,0.097,-1.35,1.6,2.46
T0633,2003,7,-107.553,3.311,31,111,1.12,1.7,1.7,4.82
T0634,2003,9,-97.642,-3.164,24.5,95,0.292,-0.61,1.6,1.44
T0635,2013,11,-138.325,-4.857,25.1,41,0.134,-0.23,1.3,1.73
T0636,2000,7,-81.457,-8.568,29,86,0.196,0.49,1.8,1.08
T0637,2007,11,-80.414,-13.129,29.2,87,-0.657,0.29,0.6,2.71
T0638,2000,1,-95.04,-7.617,25.1,48,-1.134,0.28,0.6,1.13
T0639,2019,6,-83.793,3.168,32.9,62,1.084,0.45,0.6,4.62
T0640,2007,9,-138.354,-3.918,30.8,54,0.034,-0.41,1.6,5.43
T0641,2016,9,-99.602,-19.594,29,100,0.145,0.22,1.9,11.5
T0642,2001,10,-105.846,-9.071,25.4,109,1.043,-0.75,0.9,3.28
T0643,2011,5,-86.074,-17.531,30.1,77,-0.02,-0.51,1.7,8.57
T0644,2019,7,-112.526,-14.29,25.6,61,0.642,-0.48,1.6,1.96
T0645,2004,11,-85.953,14.398,26.9,86,-0.351,0.4,0.5,2.05
T0646,2014,12,-112.625,13.187,28.5,66,0.648,0.65,0.6,6.14
T0647,2003,11,-109.871,14.535,26.2,61,-1.113,-0.49,1.8,2.01
T0648,2004,10,-123.898,16.709,28.5,118,-0.853,0.45,1,3.07
T0649,2003,8,-129.533,-14.491,24.6,72,-0.31,-0.57,1.4,5.09
T0650,2007,1,-134.177,6.656,29.4,103,-2.005,-0.42,1.4,4.54
T0651,2011,7,-91.249,19.84,30.5,85,-0.17,-0,1,6.75
T0652,2003,2,-111.761,-5.951,32.3,94,0.023,0.66,1.5,8.33
T0653,2009,2,-132.583,6.448,28.9,103,0.709,1.48,0.5,1.86
T0654,2004,4,-110.373,-12.48,27.4,92,-1.002,-0.23,1.1,2.27
T0655,2020,9,-90.742,-15.071,28,93,-0.396,-0.56,0.7,2.21
T0656,2017,11,-123.341,4.928,28.9,47,-0.062,2.23,2,2.45
T0657,2013,9,-112.675,-16.871,29.2,94,-0.293,-0.12,1.1,1.97
T0658,2022,9,-80.212,7.816,30.4,74,-1.051,0.35,1.8,1.56
T0659,2001,2,-83.85,-12.437,25.7,51,-0.576,0.37,1.8,2.13
T0660,2001,10,-99.988,14.428,29.7,92,-0.773,0.09,1.8,1.02
T0661,2001,9,-112.079,-8.169,24.8,34,0.404,-0.92,1.2,4.4
T0662,2017,3,-121.936,13.771,26.6,93,-0.904,0.25,0.5,10.16
T0663,2006,9,-98.114,-15.349,29.2,29,-1.019,-0.24,1.4,1.6
T0664,2003,5,-122.577,15.779,29.7,86,-0.083,-0.9,0.7,9.33
T0665,2004,7,-110.014,-16.232,25.9,47,-0.719,-1.17,1.6,1.38
T0666,2003,5,-126.183,-4.799,27.2,92,-2.387,0.65,1.2,1.16
T0667,2001,7,-132.657,18.906,27.8,52,-1.883,-1.69,1.3,2.91
T0668,2002,7,-86.242,-10.693,30.4,105,0.141,0.54,1.5,9.14
T0669,2017,11,-91.926,-16.964,27.5,91,-1.082,0.57,1.5,3.48
T0670,2002,5,-103.867,-19.136,27.2,97,-0.317,0.21,1.7,1.82
T0671,2003,1,-128.432,-10.513,31.4,71,-1.157,-0.2,1.1,14.66
T0672,2017,7,-92.401,4.653,27.7,73,0.184,-0.58,0.9,4.22
T0673,2018,9,-92.173,-19.336,29.6,79,-0.873,1.67,1.7,3.13
T0674,2014,11,-109.571,-8.208,25.7,65,-1.223,-0.18,0.5,1.3
T0675,2000,2,-130.252,-3.068,23,94,0.184,-0.66,0.9,1.13
T0676,2002,6,-130.609,6.853,27.3,121,0.014,0.94,1.2,2.21
T0677,2020,4,-82.58,1.965,29.6,57,-0.342,-0.25,1.8,9.49
T0678,2000,3,-111.875,9.394,24.1,79,-0.358,0.98,0.7,2.09
T0679,2020,2,-89.051,-11.821,25.9,144,-1.142,-1.98,1.1,1.26
T0680,2020,7,-105.937,10.106,24.4,53,-0.501,0.88,1,1.36
T0681,2011,5,-109.105,-12.915,25.5,59,0.738,-1.18,0.9,2.02
T0682,2011,2,-113.294,-16.97,31,93,-1.188,-0.19,0.9,7.73
T0683,2010,9,-120.739,-2.655,30.7,82,-1.964,0.28,1.1,2.95
T0684,2004,8,-108.14,-6.804,25,83,-0.556,1.32,1.4,0.67
T0685,2006,12,-98.512,1.586,28.9,71,0.646,0.73,1.3,1.52
T0686,2001,12,-91.08,5.913,28.6,81,-0.58,0.01,1.1,6.83
T0687,2016,7,-93.19,0.164,25,44,-0.717,-1.43,0.6,1.48
T0688,2015,2,-85.058,-3.525,27.4,79,0.477,-0.22,1.6,2.23
T0689,2004,12,-122.974,-1.744,30,78,-0.962,0.04,0.5,4.61
T0690,2004,4,-132.435,13.514,23.1,78,0.486,1.19,1.7,4.41
T0691,2008,8,-125.455,-16.778,28.9,86,-0.416,-0.67,1.3,4.31
T0692,2002,10,-81.978,-3.413,27.6,70,-0.903,-0.89,1.2,2.13
T0693,2010,11,-87.511,7.609,26.2,89,0.539,0.82,1.8,0.91
T0694,2001,10,-110.986,1.523,28.3,41,-0.873,1.36,1.6,1.24
T0695,2003,9,-113.916,19.247,24.4,85,-1.391,-0.26,1.3,0.9
T0696,2003,7,-129.384,-14.633,23.9,91,-0.242,0.93,1.2,3.63
T0697,2014,4,-80.211,-15.556,26.4,69,-1.025,0.66,1.2,6.42
T0698,2006,3,-98.248,15.69,26,44,0.159,1.2,0.7,1.63
T0699,2013,2,-119.672,15.989,26.6,63,-0.357,0.53,0.8,3.46
T0700,2001,2,-139.231,-11.333,30,70,0.235,-0.25,1.9,8.05
T0701,2019,12,-109.4,4.231,28,117,-0.472,-0.96,1.7,1.9
T0702,2001,1,-110.822,13.544,31.6,88,-0.1,-0.06,1.7,3.86
T0703,2010,4,-124.981,-2.282,25.3,77,-1.441,1.34,0.5,1.38
T0704,2017,3,-122.729,7.769,31.2,84,-0.38,0.17,1.3,4.92
T0705,2015,7,-101.915,4.648,28.5,74,0.359,-0.25,1.7,5.2
T0706,2014,2,-106.574,13.393,28,69,-0.667,-0.6,0.7,5.24
T0707,2011,8,-131.858,-18.115,24.9,79,0.314,-0.85,0.5,5.8
T0708,2011,6,-128.725,7.272,28,59,-0.353,1.29,0.6,2.1
T0709,2006,3,-80.423,-17.452,31.6,76,-0.664,1.37,1.8,2.21
T0710,2017,10,-119.443,-19.054,28.5,77,-0.692,0.25,1.1,6.02
T0711,2018,6,-137.054,-0.841,31.6,77,-0.098,-0.89,1.6,3.48
T0712,2003,12,-135.852,-9.049,25.7,103,1.011,-0.76,1,4.12
T0713,2014,11,-104.67,-10.903,22.5,89,-0.588,1.83,1.8,0.25
T0714,2022,4,-85.868,-14.679,29.8,72,0.576,0.7,1.7,4.97
T0715,2000,3,-137.841,-19.263,25.2,62,0.612,-0.27,1.5,0.82
T0716,2010,8,-91.396,7.573,27.4,63,0.493,1.42,1.5,4.05
T0717,2001,3,-81.119,8.948,24.6,55,0.613,-0.36,0.5,2.85
T0718,2000,5,-113.745,-15.56,25.3,71,-0.634,-0.28,0.8,3.33
T0719,2002,10,-102.288,-0.198,27.9,115,-1.235,1.06,1.8,0.9
T0720,2018,4,-129.994,-1.916,27.8,80,0.403,0.26,0.5,2.92
T0721,2010,1,-127.049,-0.094,22.1,78,0.347,0.49,0.6,0.82
T0722,2003,10,-128.503,-2.19,30.1,107,0.541,0.34,0.9,3
T0723,2011,7,-128.41,0.832,25.1,94,-0.656,0.01,1,1.23
T0724,2006,9,-104.738,-2.802,22,114,-0.42,0.19,1,1.22
T0725,2008,8,-121.949,13.087,27.3,81,0.777,-0.44,1.2,5.38
T0726,2018,3,-124.708,-7.208,27.3,77,-0.123,0.41,0.6,2.43
T0727,2022,11,-118.951,-11.297,25.7,72,1.529,0.05,1.8,0.73
T0728,2016,3,-82.014,8.504,25.4,112,-1.48,0.4,0.8,0.7
T0729,2001,1,-105.466,-4.11,25,89,-1.077,-1.06,1.3,4.03
T0730,2019,7,-136.923,15.462,29.9,36,-1.221,0.67,0.8,1.28
T0731,2008,5,-84.961,-18.605,24.5,68,-1.346,-0.79,1,1.19
T0732,2002,8,-95.345,-16.641,25.9,118,-0.085,0.22,1.4,1.46
T0733,2020,12,-97.004,-9.119,24.3,90,-0.191,-0.86,1.7,3.91
T0734,2021,4,-115.209,0.796,24.8,101,-1.308,-1.86,0.9,7.42
T0735,2008,5,-103.216,-18.112,26.5,89,-0.773,1.37,1,0.55
T0736,2007,12,-111.6,-17.32,27.9,69,-1.18,-0.49,2,2.85
T0737,2002,10,-84.749,-12.29,29.8,73,0.082,1.75,1.6,2.69
T0738,2001,8,-115.948,-5.023,22.7,97,-0.472,-0.55,0.9,0.98
T0739,2013,3,-108.705,-12.292,27,110,0.436,0.03,0.5,2.07
T0740,2001,4,-122.974,8.847,28.5,106,-1.108,-1.3,0.7,1.36
T0741,2006,1,-107.329,10.689,30,117,-0.664,-2.1,1.1,6.93
T0742,2019,10,-99.762,17.41,27.1,66,-0.41,0.37,1.9,1.07
T0743,2019,9,-93.062,11.429,23.8,108,0.39,1.82,1.5,0.94
T0744,2001,1,-85.514,14.259,27,64,-0.577,0.12,1.5,1.62
T0745,2003,10,-83.365,7.214,27.9,58,-1.018,-0.4,0.8,2.85
T0746,2000,7,-133.07,3.512,24.3,45,-1.887,-0.26,1.8,1.03
T0747,2012,7,-103.126,-8.093,23.9,96,-1.652,1.34,1,0.45
T0748,2009,2,-86.593,1.688,30.7,24,1.229,0.96,1.9,2.64
T0749,2000,6,-86.128,-2.976,22.8,85,-0.627,-0.05,1,1.49
T0750,2006,9,-109.183,6.803,30.6,81,-0.807,-0.42,1.7,3.69
T0751,2000,2,-87.649,-7.965,31.1,93,-0.053,0.06,0.7,4.95
T0752,2021,8,-123.989,-11.898,28.4,133,-0.253,0.27,1.3,1.18
T0753,2008,8,-130.329,9.942,23.2,99,-1.11,0.77,1.5,2.66
T0754,2021,5,-122.234,-4.412,29.8,84,-0.711,-0.06,1.4,6.86
T0755,2019,5,-135.169,-9.03,27,120,-1.314,0.96,1.6,1.95
T0756,2019,8,-129.537,-1.402,27.1,93,-0.493,-0.32,1.8,2.92
T0757,2022,5,-111.739,5.642,27.9,50,-1.021,-0.08,0.9,2.94
T0758,2001,10,-128.058,9.947,31.7,47,-1.114,-0.75,1.8,20.81
T0759,2016,1,-127.594,-7.561,28.2,76,-0.814,-0.78,1.4,2.35
T0760,2005,10,-135.925,-16.397,26.9,17,-1.319,0.35,0.5,2.26
T0761,2001,9,-88.822,5.16,30.8,77,0.114,0.95,1,4.05
T0762,2017,3,-122.528,15.27,27.1,83,0.196,0.52,1.8,3.43
T0763,2004,5,-119.357,1.749,22.1,64,-0.866,-0.35,1.8,0.5
T0764,2022,8,-117.516,17.583,29.1,51,-0.453,-0.51,1.1,5.37
T0765,2019,5,-98.818,-14.87,30.2,96,-0.547,-1.74,0.6,9.46
T0766,2011,9,-139.095,-11.372,30.3,53,-0.699,0.51,1.3,12.58
T0767,2016,1,-118.687,-14.415,32,88,-0.886,0.49,1.2,5.98
T0768,2002,5,-124.101,14.15,25.1,111,-1.158,-0.42,1,2.12
T0769,2012,3,-90.347,-10.01,29.3,94,-0.326,1.63,1.8,3.14
T0770,2006,4,-114.033,6.822,25.4,56,-0.054,0.44,0.5,1.22
T0771,2016,1,-99.563,10.421,26.9,70,0.151,-0.74,1.9,2.95
T0772,2016,11,-104.581,-11.802,26.1,77,-0.349,0.55,1.6,1.12
T0773,2007,6,-112.472,-3.753,24.7,71,-1.054,-1.04,1.7,2.14
T0774,2008,5,-99.13,14.824,27.9,80,-1.423,-0.92,1.1,3.55
T0775,2009,10,-89.286,19.778,27.1,46,-1.051,0.45,1.8,3.68
T0776,2003,5,-125.312,-14.497,25.8,68,-0.946,0.49,1.9,3.76
T0777,2014,1,-109.974,14.174,28.4,155,1.118,0.36,0.8,1.97
T0778,2000,5,-105.114,-11.463,29.2,142,0.113,0.54,1.8,6.83
T0779,2010,1,-122.601,-3.795,26.4,86,-0.911,1.26,0.9,1.65
T0780,2012,3,-89.133,-1.787,29.8,100,-0.446,0.73,0.7,4.37
T0781,2007,1,-100.548,5.311,29.2,83,-0.648,-0.36,1.7,3.48
T0782,2020,3,-125.15,-16.722,25.3,54,-0.713,0.36,1.5,4.17
T0783,2004,12,-101.491,-9.664,26.3,84,-0.578,0.59,1.4,2.92
T0784,2008,11,-100.841,-0.821,21.9,67,-0.811,-0.01,1.6,1.18
T0785,2012,9,-110.714,8.326,27.1,110,-0.21,-1.94,1.9,4.52
T0786,2005,1,-104.826,-13.534,32.8,87,-1.238,-0.65,1.7,10.16
T0787,2000,8,-113,-14.831,25.5,31,-0.626,-0.68,1.3,3.75
T0788,2019,6,-130.573,-6.301,31.4,73,-0.782,-0.98,1.9,18.78
T0789,2007,3,-97.494,-17.787,28.4,101,-0.101,-0.24,1.6,2.46
T0790,2005,1,-136.53,13.356,26,83,-0.751,-1.49,0.8,2.18
T0791,2016,11,-104.245,17.011,26.9,73,-1.406,-0.63,1.7,1.11
T0792,2011,3,-108.75,-14.786,25.4,80,-0.44,0.83,0.5,6.59
T0793,2014,1,-86.983,5.132,24.6,48,0.355,-0.87,0.7,2.69
T0794,2009,1,-119.749,18.046,27.8,72,-0.405,0.46,2,3.03
T0795,2003,6,-105.026,-2.29,27.5,102,-0.79,0.86,1.1,3.03
T0796,2003,7,-83.967,-9.486,25,75,0.883,-0,0.7,1.73
T0797,2007,1,-89.232,1.429,27.4,119,-1.117,-1.79,1.5,3.14
T0798,2020,11,-135.791,19.494,27.6,71,-1.425,-0.8,0.7,1.61
T0799,2017,10,-85.595,-11.136,26.3,56,-0.532,0.72,0.6,3.57
T0800,2019,7,-133.859,8.272,24.3,53,-0.571,-0.14,1.2,2.01
